2011001	TL	SL4
2011002	TL	SL4
2011003	TL	SL4
2011004	TL	SL4
2011005	TL	SL4
2011006	TL	SL4
2011007	TL	SL4
2011008	TL	SL4
2011009	TL	SL4
2011010	TL	SL4
2011011	TL	SL4
2011012	TL	SL4
2011013	TL	SL4
2011014	TL	SL4
2011015	TL	SL4
2011016	TL	SL4
2011017	TL	SL4
2011018	TL	SL4
2011019	TL	SL4
2011020	TL	SL4
2011021	TL	SL4
2011022	TL	SL4
2011023	TL	SL4
2011024	TL	SL4
2011025	TL	SL4
2011026	TL	SL4
2011027	TL	SL4
2011028	TL	SL4
2011029	TL	SL4
2011030	TL	SL4
2011031	TL	SL4
2011032	TL	SL4
2011033	TL	SL4
2011034	TL	SL4
2011035	TL	SL4
2011036	TL	SL4
2011037	TL	SL4
2011038	TL	SL4
2011039	TL	SL4
2011040	TL	SL4
2011041	TL	SL4
2011042	TL	SL4
2011043	TL	SL4
2011044	TL	SL4
2011045	TL	SL4
2011046	TL	SL4
2011047	TL	SL4
2011048	TL	SL4
2011049	TL	SL4
2011050	TL	SL4
2011051	TL	SL4
2011052	TL	SL4
2011053	TL	SL4
2011054	TL	SL4
2011055	TL	SL4
2011056	TL	SL4
2011057	TL	SL4
2011058	TL	SL4
2011059	TL	SL4
2011060	TL	SL4
2011061	TL	SL4
2011062	TL	SL4
2011063	TL	SL4
2011064	TL	SL4
2011065	TL	SL4
2011066	TL	SL4
2011067	TL	SL4
2011068	TL	SL4
2011069	TL	SL4
2011070	TL	SL4
2011071	TL	SL4
2011072	TL	SL4
2011073	TL	SL4
2011074	TL	SL4
2011075	TL	SL4
2011076	TL	SL4
2011077	TL	SL4
2011078	TL	SL4
2011079	TL	SL4
2011080	TL	SL4
2011081	TL	SL4
2011082	TL	SL4
2011083	TL	SL4
2011084	TL	SL4
2011085	TL	SL4
2011086	TL	SL4
2011097	TL	SL4
2011098	TL	SL4
2011099	TL	SL4
2011100	TL	SL4
2011101	TL	SL4
2011102	TL	SL4
2011103	TL	SL4
2011104	TL	SL4
2011105	TL	SL4
2011106	TL	SL4
2011107	TL	SL4
2011108	TL	SL4
2011109	TL	SL4
2011110	TL	SL4
2011111	TL	SL4
2011112	TL	SL4
2011113	TL	SL4
2011114	TL	SL4
2011115	TL	SL4
2011116	TL	SL4
2011117	TL	SL4
2011118	TL	SL4
2011119	TL	SL4
2011120	TL	SL4
2011121	TL	SL4
2011122	TL	SL4
2011123	TL	SL4
2011124	TL	SL4
2011125	TL	SL4
2011126	TL	SL4
2011127	TL	SL4
2011128	TL	SL4
2011129	TL	SL4
AB_sa_1	AB	-
AB_sa_2	AB	-
AB_sa_3	AB	-
AB_sa_4	AB	-
AB_ZIRC_1	AB	-
AB_ZIRC_2	AB	-
AB_ZIRC_3	AB	-
AB_ZIRC_4	AB	-
H_LF_sa_1	HLF	-
H_LF_sa_2	HLF	-
H_LF_sa_3	HLF	-
H_LF_sa_4	HLF	-
Lon_sa_1	LON	-
Lon_sa_2	LON	-
Lon_sa_3	LON	-
Lon_sa_4	LON	-
MR1230	TL	SL2
MR1239	TL	SL2
MR1240	TL	SL2
MR1241	TL	SL2
MR1243	TL	SL2
MR1244	TL	SL2
MR1245	TL	SL2
MR1268	TL	SL2
MR1269	TL	SL2
MR1270	TL	SL2
mrf0107	TL	SL2
mrf0109	TL	SL2
mrf0110	TL	SL2
mrf0111	TL	SL2
mrf0112	TL	SL2
mrf0115	TL	SL2
mrf0116	TL	SL2
mrf0117	TL	SL2
mrf0118	TL	SL2
mrf0119	TL	SL2
mrf0121	TL	SL2
mrf0122	TL	SL2
mrf0123	TL	SL2
mrf0124	TL	SL2
mrf0126	TL	SL2
mrf0127	TL	SL2
mrf0128	TL	SL2
mrf0129	TL	SL2
mrf0131	TL	SL2
mrf0132	TL	SL2
mrf0133	TL	SL2
mrf0134	TL	SL2
mrf0135	TL	SL2
mrf0136	TL	SL2
mrf0138	TL	SL2
mrf0139	TL	SL2
mrf0140	TL	SL2
mrf0141	TL	SL2
mrf0142	TL	SL2
mrf0143	TL	SL2
mrf0144	TL	SL2
mrf0145	TL	SL2
mrf0148	TL	SL2
mrf0150	TL	SL2
mrf0151	TL	SL2
mrf0152	TL	SL2
mrf0153	TL	SL2
mrf0154	TL	SL2
mrf0155	TL	SL2
mrf0156	TL	SL2
mrf0157	TL	SL2
mrf0158	TL	SL2
mrf0159	TL	SL2
mrf0160	TL	SL2
mrf0162	TL	SL2
mrf0164	TL	SL2
mrf0165	TL	SL2
mrf0166	TL	SL2
mrf0167	TL	SL2
mrf0168	TL	SL2
mrf0169	TL	SL2
mrf0170	TL	SL2
mrf0172	TL	SL2
mrf0174	TL	SL2
mrf0176	TL	SL2
mrf0177	TL	SL2
mrf0178	TL	SL2
mrf0180	TL	SL2
mrf0181	TL	SL2
mrf0182	TL	SL2
mrf0183	TL	SL2
mrf0184	TL	SL2
mrf0185	TL	SL2
mrf0188	TL	SL2
mrf0191	TL	SL2
mrf0192	TL	SL2
mrf0193	TL	SL2
mrf0194	TL	SL2
mrf0195	TL	SL2
mrf0196	TL	SL2
mrf0197	TL	SL2
mrf0198	TL	SL2
mrf0199	TL	SL2
mrf0202	TL	SL2
mrf0203	TL	SL2
mrf0204	TL	SL2
mrf0206	TL	SL2
mrf0207	TL	SL2
mrf0208	TL	SL2
mrf0209	TL	SL2
mrf0211	TL	SL2
mrf0213	TL	SL2
mrf0214	TL	SL2
mrf0215	TL	SL2
mrf0217	TL	SL2
mrf0218	TL	SL2
mrf0219	TL	SL2
mrf0220	TL	SL2
mrf0221	TL	SL2
mrf0222	TL	SL2
mrf0223	TL	SL2
mrf0225	TL	SL2
mrf0226	TL	SL2
mrf0230	TL	SL2
mrf0231	TL	SL2
mrf0232	TL	SL2
mrf0238	TL	SL2
mrf0239	TL	SL2
mrf0241	TL	SL2
mrf0242_0243	TL	SL2
mrf0244	TL	SL2
mrf0247	TL	SL2
mrf0248	TL	SL2
mrf0249	TL	SL2
mrf0250	TL	SL2
mrf0251	TL	SL2
mrf0253	TL	SL2
mrf0255	TL	SL2
mrf0256_0257	TL	SL2
mrf0258	TL	SL2
mrf0259	TL	SL2
mrf0260	TL	SL2
mrf0264	TL	SL2
mrf0265	TL	SL2
mrf0267	TL	SL2
mrf0270	TL	SL2
mrf0271	TL	SL2
mrf0272	TL	SL2
mrf0273	TL	SL2
mrf0274	TL	SL2
mrf0275	TL	SL2
mrf0276	TL	SL2
mrf0277	TL	SL2
mrf0278	TL	SL2
mrf0279	TL	SL2
mrf0280	TL	SL2
mrf0281	TL	SL2
mrf0285	TL	SL2
mrf0288	TL	SL2
mrf0289	TL	SL2
mrf0294	TL	SL2
mrf0295	TL	SL2
mrf0296	TL	SL2
mrf0297	TL	SL2
mrf0298	TL	SL2
mrf0300	TL	SL2
mrf0301	TL	SL2
mrf0302	TL	SL2
mrf0304	TL	SL2
mrf0305	TL	SL2
mrf0306	TL	SL2
mrf0307	TL	SL2
mrf0308	TL	SL2
mrf0309	TL	SL2
mrf0312	TL	SL2
mrf0314	TL	SL2
mrf0315	TL	SL2
mrf0316	TL	SL2
mrf0318_0320	TL	SL2
mrf0319	TL	SL2
mrf0322	TL	SL2
mrf0323	TL	SL2
mrf0325	TL	SL2
mrf0326	TL	SL2
mrf0327	TL	SL2
mrf0328	TL	SL2
mrf0331	TL	SL2
mrf0332	TL	SL2
mrf0337	TL	SL2
mrf0338_0340	TL	SL2
sa0237	TL	SL2
sa0248	TL	SL2
sa0250	TL	SL2
sa0251	TL	SL2
sa0252	TL	SL2
sa0261	TL	SL2
sa0279	TL	SL2
sa0284	TL	SL2
sa0298	TL	SL2
sa0300	TL	SL2
sa0302	TL	SL2
sa0304	TL	SL2
sa0306	TL	SL2
sa0307	TL	SL2
sa0308	TL	SL2
sa0316	TL	SL2
sa0319	TL	SL2
sa0322	TL	SL2
sa0323	TL	SL2
sa0325	TL	SL2
sa0328	TL	SL2
sa0331	TL	SL2
sa0337	TL	SL2
sa0355	TL	SL2
sa0356	TL	SL2
sa0358	TL	SL2
sa0360_0361	TL	SL2
sa0526	TL	SL2
SAT_F_3	SAT	-
SAT_M_6	SAT	-
SAT_TC_1	SAT	-
SAT_TC_2	SAT	-
SAT_TC_3	SAT	-
SAT_TC_4	SAT	-
SAT_TC_5	SAT	-
SAT_TC_6	SAT	-
SAT_TC_7	SAT	-
SAT_TC_8	SAT	-
SL3_01_A10	SAT	SL3
SL3_01_A11	SAT	SL3
SL3_01_A12	SAT	SL3
SL3_01_A1	SAT	SL3
SL3_01_A2	SAT	SL3
SL3_01_A3	SAT	SL3
SL3_01_A4	SAT	SL3
SL3_01_A5	SAT	SL3
SL3_01_A6	SAT	SL3
SL3_01_A7	SAT	SL3
SL3_01_A8	SAT	SL3
SL3_01_A9	SAT	SL3
SL3_01_B10	SAT	SL3
SL3_01_B11	SAT	SL3
SL3_01_B12	SAT	SL3
SL3_01_B1	SAT	SL3
SL3_01_B2	SAT	SL3
SL3_01_B3	SAT	SL3
SL3_01_B4	SAT	SL3
SL3_01_B5	SAT	SL3
SL3_01_B6	SAT	SL3
SL3_01_B7	SAT	SL3
SL3_01_B8	SAT	SL3
SL3_01_B9	SAT	SL3
SL3_01_C10	SAT	SL3
SL3_01_C11	SAT	SL3
SL3_01_C12	SAT	SL3
SL3_01_C1	SAT	SL3
SL3_01_C2	SAT	SL3
SL3_01_C3	SAT	SL3
SL3_01_C4	SAT	SL3
SL3_01_C5	SAT	SL3
SL3_01_C6	SAT	SL3
SL3_01_C7	SAT	SL3
SL3_01_C8	SAT	SL3
SL3_01_C9	SAT	SL3
SL3_01_D10	SAT	SL3
SL3_01_D11	SAT	SL3
SL3_01_D12	SAT	SL3
SL3_01_D1	SAT	SL3
SL3_01_D2	SAT	SL3
SL3_01_D3	SAT	SL3
SL3_01_D4	SAT	SL3
SL3_01_D5	SAT	SL3
SL3_01_D6	SAT	SL3
SL3_01_D7	SAT	SL3
SL3_01_D8	SAT	SL3
SL3_01_D9	SAT	SL3
SL3_01_E10	SAT	SL3
SL3_01_E11	SAT	SL3
SL3_01_E12	SAT	SL3
SL3_01_E1	SAT	SL3
SL3_01_E2	SAT	SL3
SL3_01_E3	SAT	SL3
SL3_01_E4	SAT	SL3
SL3_01_E5	SAT	SL3
SL3_01_E6	SAT	SL3
SL3_01_E7	SAT	SL3
SL3_01_E8	SAT	SL3
SL3_01_E9	SAT	SL3
SL3_01_F10	SAT	SL3
SL3_01_F11	SAT	SL3
SL3_01_F12	SAT	SL3
SL3_01_F1	SAT	SL3
SL3_01_F2	SAT	SL3
SL3_01_F3	SAT	SL3
SL3_01_F4	SAT	SL3
SL3_01_F5	SAT	SL3
SL3_01_F6	SAT	SL3
SL3_01_F7	SAT	SL3
SL3_01_F8	SAT	SL3
SL3_01_F9	SAT	SL3
SL3_01_G10	SAT	SL3
SL3_01_G11	SAT	SL3
SL3_01_G12	SAT	SL3
SL3_01_G1	SAT	SL3
SL3_01_G2	SAT	SL3
SL3_01_G3	SAT	SL3
SL3_01_G4	SAT	SL3
SL3_01_G5	SAT	SL3
SL3_01_G6	SAT	SL3
SL3_01_G7	SAT	SL3
SL3_01_G8	SAT	SL3
SL3_01_G9	SAT	SL3
SL3_01_H10	SAT	SL3
SL3_01_H11	SAT	SL3
SL3_01_H12	SAT	SL3
SL3_01_H1	SAT	SL3
SL3_01_H2	SAT	SL3
SL3_01_H3	SAT	SL3
SL3_01_H4	SAT	SL3
SL3_01_H5	SAT	SL3
SL3_01_H6	SAT	SL3
SL3_01_H7	SAT	SL3
SL3_01_H8	SAT	SL3
SL3_01_H9	SAT	SL3
SL3_02_A10	SAT	SL3
SL3_02_A11	SAT	SL3
SL3_02_A12	SAT	SL3
SL3_02_A1	SAT	SL3
SL3_02_A2	SAT	SL3
SL3_02_A3	SAT	SL3
SL3_02_A4	SAT	SL3
SL3_02_A5	SAT	SL3
SL3_02_A6	SAT	SL3
SL3_02_A7	SAT	SL3
SL3_02_A8	SAT	SL3
SL3_02_A9	SAT	SL3
SL3_02_B10	SAT	SL3
SL3_02_B11	SAT	SL3
SL3_02_B12	SAT	SL3
SL3_02_B1	SAT	SL3
SL3_02_B2	SAT	SL3
SL3_02_B3	SAT	SL3
SL3_02_B4	SAT	SL3
SL3_02_B5	SAT	SL3
SL3_02_B6	SAT	SL3
SL3_02_B7	SAT	SL3
SL3_02_B8	SAT	SL3
SL3_02_B9	SAT	SL3
SL3_02_C10	SAT	SL3
SL3_02_C11	SAT	SL3
SL3_02_C12	SAT	SL3
SL3_02_C1	SAT	SL3
SL3_02_C2	SAT	SL3
SL3_02_C3	SAT	SL3
SL3_02_C4	SAT	SL3
SL3_02_C5	SAT	SL3
SL3_02_C6	SAT	SL3
SL3_02_C7	SAT	SL3
SL3_02_C8	SAT	SL3
SL3_02_C9	SAT	SL3
SL3_02_D10	SAT	SL3
SL3_02_D11	SAT	SL3
SL3_02_D12	SAT	SL3
SL3_02_D1	SAT	SL3
SL3_02_D2	SAT	SL3
SL3_02_D3	SAT	SL3
SL3_02_D4	SAT	SL3
SL3_02_D5	SAT	SL3
SL3_02_D6	SAT	SL3
SL3_02_D7	SAT	SL3
SL3_02_D8	SAT	SL3
SL3_02_D9	SAT	SL3
SL3_02_E10	SAT	SL3
SL3_02_E11	SAT	SL3
SL3_02_E12	SAT	SL3
SL3_02_E1	SAT	SL3
SL3_02_E2	SAT	SL3
SL3_02_E3	SAT	SL3
SL3_02_E4	SAT	SL3
SL3_02_E5	SAT	SL3
SL3_02_E6	SAT	SL3
SL3_02_E7	SAT	SL3
SL3_02_E8	SAT	SL3
SL3_02_E9	SAT	SL3
SL3_02_F10	SAT	SL3
SL3_02_F11	SAT	SL3
SL3_02_F12	SAT	SL3
SL3_02_F1	SAT	SL3
SL3_02_F2	SAT	SL3
SL3_02_F3	SAT	SL3
SL3_02_F4	SAT	SL3
SL3_02_F5	SAT	SL3
SL3_02_F6	SAT	SL3
SL3_02_F7	SAT	SL3
SL3_02_F8	SAT	SL3
SL3_02_F9	SAT	SL3
SL3_02_G10	SAT	SL3
SL3_02_G11	SAT	SL3
SL3_02_G12	SAT	SL3
SL3_02_G1	SAT	SL3
SL3_02_G2	SAT	SL3
SL3_02_G3	SAT	SL3
SL3_02_G5	SAT	SL3
SL3_02_G6	SAT	SL3
SL3_02_G7	SAT	SL3
SL3_02_G8	SAT	SL3
SL3_02_G9	SAT	SL3
SL3_02_H10	SAT	SL3
SL3_02_H11	SAT	SL3
SL3_02_H12	SAT	SL3
SL3_02_H1	SAT	SL3
SL3_02_H2	SAT	SL3
SL3_02_H3	SAT	SL3
SL3_02_H4	SAT	SL3
SL3_02_H5	SAT	SL3
SL3_02_H6	SAT	SL3
SL3_02_H7	SAT	SL3
SL3_02_H8	SAT	SL3
SL3_02_H9	SAT	SL3
SL3_03_A10	SAT	SL3
SL3_03_A11	SAT	SL3
SL3_03_A1	SAT	SL3
SL3_03_A2	SAT	SL3
SL3_03_A3	SAT	SL3
SL3_03_A4	SAT	SL3
SL3_03_A5	SAT	SL3
SL3_03_A6	SAT	SL3
SL3_03_A7	SAT	SL3
SL3_03_A8	SAT	SL3
SL3_03_A9	SAT	SL3
SL3_03_B10	SAT	SL3
SL3_03_B11	SAT	SL3
SL3_03_B12	SAT	SL3
SL3_03_B1	SAT	SL3
SL3_03_B3	SAT	SL3
SL3_03_B4	SAT	SL3
SL3_03_B5	SAT	SL3
SL3_03_B6	SAT	SL3
SL3_03_B7	SAT	SL3
SL3_03_B8	SAT	SL3
SL3_03_B9	SAT	SL3
SL3_03_C10	SAT	SL3
SL3_03_C11	SAT	SL3
SL3_03_C12	SAT	SL3
SL3_03_C1	SAT	SL3
SL3_03_C2	SAT	SL3
SL3_03_C3	SAT	SL3
SL3_03_C4	SAT	SL3
SL3_03_C5	SAT	SL3
SL3_03_C6	SAT	SL3
SL3_03_C7	SAT	SL3
SL3_03_C8	SAT	SL3
SL3_03_C9	SAT	SL3
SL3_03_D10	SAT	SL3
SL3_03_D11	SAT	SL3
SL3_03_D12	SAT	SL3
SL3_03_D1	SAT	SL3
SL3_03_D2	SAT	SL3
SL3_03_D3	SAT	SL3
SL3_03_D4	SAT	SL3
SL3_03_D5	SAT	SL3
SL3_03_D6	SAT	SL3
SL3_03_D7	SAT	SL3
SL3_03_D8	SAT	SL3
SL3_03_D9	SAT	SL3
SL3_03_E10	SAT	SL3
SL3_03_E11	SAT	SL3
SL3_03_E12	SAT	SL3
SL3_03_E1	SAT	SL3
SL3_03_E2	SAT	SL3
SL3_03_E3	SAT	SL3
SL3_03_E4	SAT	SL3
SL3_03_E5	SAT	SL3
SL3_03_E6	SAT	SL3
SL3_03_E7	SAT	SL3
SL3_03_E8	SAT	SL3
SL3_03_E9	SAT	SL3
SL3_03_F10	SAT	SL3
SL3_03_F11	SAT	SL3
SL3_03_F12	SAT	SL3
SL3_03_F1	SAT	SL3
SL3_03_F2	SAT	SL3
SL3_03_F3	SAT	SL3
SL3_03_F4	SAT	SL3
SL3_03_F5	SAT	SL3
SL3_03_F6	SAT	SL3
SL3_03_F7	SAT	SL3
SL3_03_F8	SAT	SL3
SL3_03_F9	SAT	SL3
SL3_03_G10	SAT	SL3
SL3_03_G11	SAT	SL3
SL3_03_G12	SAT	SL3
SL3_03_G1	SAT	SL3
SL3_03_G2	SAT	SL3
SL3_03_G3	SAT	SL3
SL3_03_G4	SAT	SL3
SL3_03_G5	SAT	SL3
SL3_03_G6	SAT	SL3
SL3_03_G7	SAT	SL3
SL3_03_G8	SAT	SL3
SL3_03_G9	SAT	SL3
SL3_03_H10	SAT	SL3
SL3_03_H11	SAT	SL3
SL3_03_H12	SAT	SL3
SL3_03_H1	SAT	SL3
SL3_03_H2	SAT	SL3
SL3_03_H3	SAT	SL3
SL3_03_H4	SAT	SL3
SL3_03_H5	SAT	SL3
SL3_03_H6	SAT	SL3
SL3_03_H7	SAT	SL3
SL3_03_H8	SAT	SL3
SL3_03_H9	SAT	SL3
SL3_04_A10	SAT	SL3
SL3_04_A11	SAT	SL3
SL3_04_A1	SAT	SL3
SL3_04_A3	SAT	SL3
SL3_04_A4	SAT	SL3
SL3_04_A5	SAT	SL3
SL3_04_A6	SAT	SL3
SL3_04_A7	SAT	SL3
SL3_04_A8	SAT	SL3
SL3_04_A9	SAT	SL3
SL3_04_B10	SAT	SL3
SL3_04_B11	SAT	SL3
SL3_04_B1	SAT	SL3
SL3_04_B2	SAT	SL3
SL3_04_B5	SAT	SL3
SL3_04_B8	SAT	SL3
SL3_04_B9	SAT	SL3
SL3_04_C10	SAT	SL3
SL3_04_C11	SAT	SL3
SL3_04_C1	SAT	SL3
SL3_04_C2	SAT	SL3
SL3_04_C3	SAT	SL3
SL3_04_C4	SAT	SL3
SL3_04_C5	SAT	SL3
SL3_04_C6	SAT	SL3
SL3_04_C7	SAT	SL3
SL3_04_C8	SAT	SL3
SL3_04_D10	SAT	SL3
SL3_04_D11	SAT	SL3
SL3_04_D12	SAT	SL3
SL3_04_D1	SAT	SL3
SL3_04_D2	SAT	SL3
SL3_04_D3	SAT	SL3
SL3_04_D4	SAT	SL3
SL3_04_D5	SAT	SL3
SL3_04_D6	SAT	SL3
SL3_04_D7	SAT	SL3
SL3_04_D8	SAT	SL3
SL3_04_D9	SAT	SL3
SL3_04_E10	SAT	SL3
SL3_04_E11	SAT	SL3
SL3_04_E12	SAT	SL3
SL3_04_E1	SAT	SL3
SL3_04_E2	SAT	SL3
SL3_04_E3	SAT	SL3
SL3_04_E4	SAT	SL3
SL3_04_E5	SAT	SL3
SL3_04_E6	SAT	SL3
SL3_04_E7	SAT	SL3
SL3_04_E8	SAT	SL3
SL3_04_E9	SAT	SL3
SL3_04_F10	SAT	SL3
SL3_04_F12	SAT	SL3
SL3_04_F2	SAT	SL3
SL3_04_F3	SAT	SL3
SL3_04_F4	SAT	SL3
SL3_04_F6	SAT	SL3
SL3_04_F7	SAT	SL3
SL3_04_F8	SAT	SL3
SL3_04_F9	SAT	SL3
SL3_04_G10	SAT	SL3
SL3_04_G1	SAT	SL3
SL3_04_G2	SAT	SL3
SL3_04_G3	SAT	SL3
SL3_04_G4	SAT	SL3
SL3_04_G5	SAT	SL3
SL3_04_G6	SAT	SL3
SL3_04_G7	SAT	SL3
SL3_04_G8	SAT	SL3
SL3_04_G9	SAT	SL3
SL3_04_H11	SAT	SL3
SL3_04_H12	SAT	SL3
SL3_04_H1	SAT	SL3
SL3_04_H2	SAT	SL3
SL3_04_H3	SAT	SL3
SL3_04_H4	SAT	SL3
SL3_04_H6	SAT	SL3
SL3_04_H7	SAT	SL3
SL3_04_H8	SAT	SL3
SL3_05_A2	SAT	SL3
SL3_05_A4	SAT	SL3
SL3_05_A5	SAT	SL3
SL3_05_A6	SAT	SL3
SL3_05_A7	SAT	SL3
SL3_05_A8	SAT	SL3
SL3_05_A9	SAT	SL3
SL3_05_B10	SAT	SL3
SL3_05_B1	SAT	SL3
SL3_05_B2	SAT	SL3
SL3_05_B3	SAT	SL3
SL3_05_B4	SAT	SL3
SL3_05_B5	SAT	SL3
SL3_05_B6	SAT	SL3
SL3_05_B7	SAT	SL3
SL3_05_B9	SAT	SL3
SL3_05_C10	SAT	SL3
SL3_05_C11	SAT	SL3
SL3_05_C12	SAT	SL3
SL3_05_C1	SAT	SL3
SL3_05_C2	SAT	SL3
SL3_05_C3	SAT	SL3
SL3_05_C4	SAT	SL3
SL3_05_C5	SAT	SL3
SL3_05_C6	SAT	SL3
SL3_05_C7	SAT	SL3
SL3_05_C8	SAT	SL3
SL3_05_C9	SAT	SL3
SL3_05_D1	SAT	SL3
SL3_05_D3	SAT	SL3
SL3_05_D4	SAT	SL3
SL3_05_D5	SAT	SL3
SL3_05_D6	SAT	SL3
SL3_05_D7	SAT	SL3
SL3_05_E10	SAT	SL3
SL3_05_E12	SAT	SL3
SL3_05_E2	SAT	SL3
SL3_05_E3	SAT	SL3
SL3_05_E4	SAT	SL3
SL3_05_E5	SAT	SL3
SL3_05_E6	SAT	SL3
SL3_05_E7	SAT	SL3
SL3_05_E8	SAT	SL3
SL3_05_E9	SAT	SL3
SL3_05_F12	SAT	SL3
SL3_05_F1	SAT	SL3
SL3_05_F2	SAT	SL3
SL3_05_F3	SAT	SL3
SL3_05_F4	SAT	SL3
SL3_05_F5	SAT	SL3
SL3_05_F6	SAT	SL3
SL3_05_F7	SAT	SL3
SL3_05_F8	SAT	SL3
SL3_05_F9	SAT	SL3
SL3_05_G10	SAT	SL3
SL3_05_G1	SAT	SL3
SL3_05_G2	SAT	SL3
SL3_05_G3	SAT	SL3
SL3_05_G4	SAT	SL3
SL3_05_G5	SAT	SL3
SL3_05_G6	SAT	SL3
SL3_05_G8	SAT	SL3
SL3_05_G9	SAT	SL3
SL3_05_H1	SAT	SL3
SL3_05_H2	SAT	SL3
SL3_05_H3	SAT	SL3
SL3_05_H5	SAT	SL3
SL3_05_H8	SAT	SL3
SL3_05_H9	SAT	SL3
SL3_06_A1	SAT	SL3
SL3_06_A2	SAT	SL3
SL3_06_A3	SAT	SL3
SL3_06_A8	SAT	SL3
SL3_06_A9	SAT	SL3
SL3_06_B10	SAT	SL3
SL3_06_B11	SAT	SL3
SL3_06_B1	SAT	SL3
SL3_06_B2	SAT	SL3
SL3_06_B3	SAT	SL3
SL3_06_B4	SAT	SL3
SL3_06_B6	SAT	SL3
SL3_06_B7	SAT	SL3
SL3_06_B8	SAT	SL3
SL3_06_B9	SAT	SL3
SL3_06_C11	SAT	SL3
SL3_06_C12	SAT	SL3
SL3_06_C1	SAT	SL3
SL3_06_C2	SAT	SL3
SL3_06_C3	SAT	SL3
SL3_06_C4	SAT	SL3
SL3_06_C5	SAT	SL3
SL3_06_C6	SAT	SL3
SL3_06_C7	SAT	SL3
SL3_06_C8	SAT	SL3
SL3_06_C9	SAT	SL3
SL3_06_D10	SAT	SL3
SL3_06_D11	SAT	SL3
SL3_06_D12	SAT	SL3
SL3_06_D1	SAT	SL3
SL3_06_D2	SAT	SL3
SL3_06_D3	SAT	SL3
SL3_06_D4	SAT	SL3
SL3_06_D5	SAT	SL3
SL3_06_D6	SAT	SL3
SL3_06_D7	SAT	SL3
SL3_06_D8	SAT	SL3
SL3_06_D9	SAT	SL3
SL3_06_E10	SAT	SL3
SL3_06_E11	SAT	SL3
SL3_06_E12	SAT	SL3
SL3_06_E1	SAT	SL3
SL3_06_E2	SAT	SL3
SL3_06_E3	SAT	SL3
SL3_06_E4	SAT	SL3
SL3_06_E5	SAT	SL3
SL3_06_E6	SAT	SL3
SL3_06_E7	SAT	SL3
SL3_06_E8	SAT	SL3
SL3_06_E9	SAT	SL3
SL3_06_F11	SAT	SL3
SL3_06_F12	SAT	SL3
SL3_06_F1	SAT	SL3
SL3_06_F2	SAT	SL3
SL3_06_F3	SAT	SL3
SL3_06_F4	SAT	SL3
SL3_06_F5	SAT	SL3
SL3_06_F6	SAT	SL3
SL3_06_F7	SAT	SL3
SL3_06_F8	SAT	SL3
SL3_06_F9	SAT	SL3
SL3_06_G10	SAT	SL3
SL3_06_G11	SAT	SL3
SL3_06_G12	SAT	SL3
SL3_06_G1	SAT	SL3
SL3_06_G2	SAT	SL3
SL3_06_G3	SAT	SL3
SL3_06_G4	SAT	SL3
SL3_06_G5	SAT	SL3
SL3_06_G6	SAT	SL3
SL3_06_G7	SAT	SL3
SL3_06_G8	SAT	SL3
SL3_06_G9	SAT	SL3
SL3_06_H10	SAT	SL3
SL3_06_H11	SAT	SL3
SL3_06_H12	SAT	SL3
SL3_06_H1	SAT	SL3
SL3_06_H2	SAT	SL3
SL3_06_H3	SAT	SL3
SL3_06_H4	SAT	SL3
SL3_06_H5	SAT	SL3
SL3_06_H6	SAT	SL3
SL3_06_H7	SAT	SL3
SL3_06_H8	SAT	SL3
SL3_06_H9	SAT	SL3
SL3_07_A10	SAT	SL3
SL3_07_A11	SAT	SL3
SL3_07_A12	SAT	SL3
SL3_07_A1b	SAT	SL3
SL3_07_A1	SAT	SL3
SL3_07_A2b	SAT	SL3
SL3_07_A2	SAT	SL3
SL3_07_A3b	SAT	SL3
SL3_07_A3	SAT	SL3
SL3_07_A4	SAT	SL3
SL3_07_A5	SAT	SL3
SL3_07_A6b	SAT	SL3
SL3_07_A7	SAT	SL3
SL3_07_A8	SAT	SL3
SL3_07_A9b	SAT	SL3
SL3_07_B10	SAT	SL3
SL3_07_B11	SAT	SL3
SL3_07_B12	SAT	SL3
SL3_07_B1b	SAT	SL3
SL3_07_B1	SAT	SL3
SL3_07_B2	SAT	SL3
SL3_07_B3	SAT	SL3
SL3_07_B4b	SAT	SL3
SL3_07_B4	SAT	SL3
SL3_07_B5b	SAT	SL3
SL3_07_B6	SAT	SL3
SL3_07_B7	SAT	SL3
SL3_07_B8	SAT	SL3
SL3_07_B9	SAT	SL3
SL3_07_C10	SAT	SL3
SL3_07_C11	SAT	SL3
SL3_07_C12	SAT	SL3
SL3_07_C1b	SAT	SL3
SL3_07_C2b	SAT	SL3
SL3_07_C2	SAT	SL3
SL3_07_C3	SAT	SL3
SL3_07_C4	SAT	SL3
SL3_07_C5b	SAT	SL3
SL3_07_C6	SAT	SL3
SL3_07_C7	SAT	SL3
SL3_07_C8	SAT	SL3
SL3_07_C9	SAT	SL3
SL3_07_D10	SAT	SL3
SL3_07_D11	SAT	SL3
SL3_07_D12	SAT	SL3
SL3_07_D1	SAT	SL3
SL3_07_D2b	SAT	SL3
SL3_07_D2	SAT	SL3
SL3_07_D3	SAT	SL3
SL3_07_D4	SAT	SL3
SL3_07_D5	SAT	SL3
SL3_07_D6	SAT	SL3
SL3_07_D7	SAT	SL3
SL3_07_D9	SAT	SL3
SL3_07_E10b	SAT	SL3
SL3_07_E11	SAT	SL3
SL3_07_E12	SAT	SL3
SL3_07_E1	SAT	SL3
SL3_07_E2b	SAT	SL3
SL3_07_E2	SAT	SL3
SL3_07_E3	SAT	SL3
SL3_07_E4	SAT	SL3
SL3_07_E5b	SAT	SL3
SL3_07_E6	SAT	SL3
SL3_07_E7b	SAT	SL3
SL3_07_E8b	SAT	SL3
SL3_07_E9	SAT	SL3
SL3_07_F10b	SAT	SL3
SL3_07_F11b	SAT	SL3
SL3_07_F12	SAT	SL3
SL3_07_F1	SAT	SL3
SL3_07_F2	SAT	SL3
SL3_07_F3	SAT	SL3
SL3_07_F4b	SAT	SL3
SL3_07_F6b	SAT	SL3
SL3_07_F7	SAT	SL3
SL3_07_F8	SAT	SL3
SL3_07_F9	SAT	SL3
SL3_07_G1	SAT	SL3
SL3_07_G2	SAT	SL3
SL3_07_G3	SAT	SL3
SL3_07_G4b	SAT	SL3
SL3_07_G5b	SAT	SL3
SL3_07_G6b	SAT	SL3
SL3_07_G7	SAT	SL3
SL3_07_G8	SAT	SL3
SL3_07_G9	SAT	SL3
SL3_07_H12	SAT	SL3
SL3_07_H1	SAT	SL3
SL3_07_H2	SAT	SL3
SL3_07_H3	SAT	SL3
SL3_07_H9	SAT	SL3
SL3_08_A10	SAT	SL3
SL3_08_A11	SAT	SL3
SL3_08_A12	SAT	SL3
SL3_08_A1	SAT	SL3
SL3_08_A2	SAT	SL3
SL3_08_A3	SAT	SL3
SL3_08_A4	SAT	SL3
SL3_08_A5	SAT	SL3
SL3_08_A7	SAT	SL3
SL3_08_A8	SAT	SL3
SL3_08_A9	SAT	SL3
SL3_08_B10	SAT	SL3
SL3_08_B11	SAT	SL3
SL3_08_B12	SAT	SL3
SL3_08_B1b	SAT	SL3
SL3_08_B2b	SAT	SL3
SL3_08_B3b	SAT	SL3
SL3_08_B4	SAT	SL3
SL3_08_B5b	SAT	SL3
SL3_08_B6	SAT	SL3
SL3_08_B7b	SAT	SL3
SL3_08_B8b	SAT	SL3
SL3_08_B9	SAT	SL3
SL3_08_C10	SAT	SL3
SL3_08_C11	SAT	SL3
SL3_08_C12b	SAT	SL3
SL3_08_C1	SAT	SL3
SL3_08_C2b	SAT	SL3
SL3_08_C3b	SAT	SL3
SL3_08_C4b	SAT	SL3
SL3_08_C5b	SAT	SL3
SL3_08_C6	SAT	SL3
SL3_08_C7	SAT	SL3
SL3_08_C8b	SAT	SL3
SL3_08_C9	SAT	SL3
SL3_08_D10	SAT	SL3
SL3_08_D11	SAT	SL3
SL3_08_D12	SAT	SL3
SL3_08_D1b	SAT	SL3
SL3_08_D2b	SAT	SL3
SL3_08_D3b	SAT	SL3
SL3_08_D4b	SAT	SL3
SL3_08_D5	SAT	SL3
SL3_08_D6b	SAT	SL3
SL3_08_D7	SAT	SL3
SL3_08_D8b	SAT	SL3
SL3_08_D9	SAT	SL3
SL3_08_E10	SAT	SL3
SL3_08_E11b	SAT	SL3
SL3_08_E12	SAT	SL3
SL3_08_E1b	SAT	SL3
SL3_08_E2b	SAT	SL3
SL3_08_E3	SAT	SL3
SL3_08_E4b	SAT	SL3
SL3_08_E5b	SAT	SL3
SL3_08_E6b	SAT	SL3
SL3_08_E7b	SAT	SL3
SL3_08_E8	SAT	SL3
SL3_08_E9b	SAT	SL3
SL3_08_F10b	SAT	SL3
SL3_08_F11	SAT	SL3
SL3_08_F12	SAT	SL3
SL3_08_F1b	SAT	SL3
SL3_08_F2b	SAT	SL3
SL3_08_F3b	SAT	SL3
SL3_08_F4b	SAT	SL3
SL3_08_F5b	SAT	SL3
SL3_08_F6b	SAT	SL3
SL3_08_F7	SAT	SL3
SL3_08_F8	SAT	SL3
SL3_08_F9b	SAT	SL3
SL3_08_G10	SAT	SL3
SL3_08_G11	SAT	SL3
SL3_08_G12	SAT	SL3
SL3_08_G1b	SAT	SL3
SL3_08_G2b	SAT	SL3
SL3_08_G3b	SAT	SL3
SL3_08_G4b	SAT	SL3
SL3_08_G5b	SAT	SL3
SL3_08_G6	SAT	SL3
SL3_08_G7	SAT	SL3
SL3_08_G8b	SAT	SL3
SL3_08_G9	SAT	SL3
SL3_08_H10b	SAT	SL3
SL3_08_H11b	SAT	SL3
SL3_08_H12b	SAT	SL3
SL3_08_H1	SAT	SL3
SL3_08_H2	SAT	SL3
SL3_08_H3b	SAT	SL3
SL3_08_H4	SAT	SL3
SL3_08_H5b	SAT	SL3
SL3_08_H6	SAT	SL3
SL3_08_H7	SAT	SL3
SL3_08_H8b	SAT	SL3
SL3_08_H9	SAT	SL3
SL3_09_A10	SAT	SL3
SL3_09_A12	SAT	SL3
SL3_09_A1	SAT	SL3
SL3_09_A2	SAT	SL3
SL3_09_A3	SAT	SL3
SL3_09_A4	SAT	SL3
SL3_09_A5	SAT	SL3
SL3_09_A6	SAT	SL3
SL3_09_A7	SAT	SL3
SL3_09_A8	SAT	SL3
SL3_09_A9	SAT	SL3
SL3_09_B10	SAT	SL3
SL3_09_B11	SAT	SL3
SL3_09_B12	SAT	SL3
SL3_09_B1b	SAT	SL3
SL3_09_B2b	SAT	SL3
SL3_09_B3b	SAT	SL3
SL3_09_B4	SAT	SL3
SL3_09_B5b	SAT	SL3
SL3_09_B6b	SAT	SL3
SL3_09_B7	SAT	SL3
SL3_09_B8	SAT	SL3
SL3_09_B9	SAT	SL3
SL3_09_C10b	SAT	SL3
SL3_09_C11	SAT	SL3
SL3_09_C12	SAT	SL3
SL3_09_C1b	SAT	SL3
SL3_09_C2b	SAT	SL3
SL3_09_C3b	SAT	SL3
SL3_09_C4b	SAT	SL3
SL3_09_C5b	SAT	SL3
SL3_09_C6b	SAT	SL3
SL3_09_C7	SAT	SL3
SL3_09_C8	SAT	SL3
SL3_09_C9	SAT	SL3
SL3_09_D10b	SAT	SL3
SL3_09_D11b	SAT	SL3
SL3_09_D12	SAT	SL3
SL3_09_D1b	SAT	SL3
SL3_09_D2b	SAT	SL3
SL3_09_D3	SAT	SL3
SL3_09_D4b	SAT	SL3
SL3_09_D5	SAT	SL3
SL3_09_D6b	SAT	SL3
SL3_09_D7	SAT	SL3
SL3_09_D8b	SAT	SL3
SL3_09_D9b	SAT	SL3
SL3_09_E10	SAT	SL3
SL3_09_E11b	SAT	SL3
SL3_09_E12	SAT	SL3
SL3_09_E1b	SAT	SL3
SL3_09_E2b	SAT	SL3
SL3_09_E3	SAT	SL3
SL3_09_E4b	SAT	SL3
SL3_09_E5b	SAT	SL3
SL3_09_E6	SAT	SL3
SL3_09_E7b	SAT	SL3
SL3_09_E8b	SAT	SL3
SL3_09_E9b	SAT	SL3
SL3_09_F10b	SAT	SL3
SL3_09_F11	SAT	SL3
SL3_09_F12b	SAT	SL3
SL3_09_F1b	SAT	SL3
SL3_09_F2b	SAT	SL3
SL3_09_F3	SAT	SL3
SL3_09_F4b	SAT	SL3
SL3_09_F5b	SAT	SL3
SL3_09_F6b	SAT	SL3
SL3_09_F7	SAT	SL3
SL3_09_F8	SAT	SL3
SL3_09_F9	SAT	SL3
SL3_09_G10b	SAT	SL3
SL3_09_G11b	SAT	SL3
SL3_09_G12b	SAT	SL3
SL3_09_G1	SAT	SL3
SL3_09_G2b	SAT	SL3
SL3_09_G3b	SAT	SL3
SL3_09_G4b	SAT	SL3
SL3_09_G5b	SAT	SL3
SL3_09_G6b	SAT	SL3
SL3_09_G7b	SAT	SL3
SL3_09_G8b	SAT	SL3
SL3_09_G9b	SAT	SL3
SL3_09_H10b	SAT	SL3
SL3_09_H11b	SAT	SL3
SL3_09_H12b	SAT	SL3
SL3_09_H1b	SAT	SL3
SL3_09_H2b	SAT	SL3
SL3_09_H3b	SAT	SL3
SL3_09_H4b	SAT	SL3
SL3_09_H5b	SAT	SL3
SL3_09_H6b	SAT	SL3
SL3_09_H7b	SAT	SL3
SL3_09_H8b	SAT	SL3
SL3_09_H9b	SAT	SL3
SL3_10_A10b	SAT	SL3
SL3_10_A11b	SAT	SL3
SL3_10_A12b	SAT	SL3
SL3_10_A1b	SAT	SL3
SL3_10_A2b	SAT	SL3
SL3_10_A3b	SAT	SL3
SL3_10_A4b	SAT	SL3
SL3_10_A5b	SAT	SL3
SL3_10_A6b	SAT	SL3
SL3_10_A7b	SAT	SL3
SL3_10_A8b	SAT	SL3
SL3_10_A9b	SAT	SL3
SL3_10_B10b	SAT	SL3
SL3_10_B11b	SAT	SL3
SL3_10_B12b	SAT	SL3
SL3_10_B1b	SAT	SL3
SL3_10_B2b	SAT	SL3
SL3_10_B3b	SAT	SL3
SL3_10_B4b	SAT	SL3
SL3_10_B5b	SAT	SL3
SL3_10_B6b	SAT	SL3
SL3_10_B7b	SAT	SL3
SL3_10_B8b	SAT	SL3
SL3_10_B9b	SAT	SL3
SL3_10_C10b	SAT	SL3
SL3_10_C11b	SAT	SL3
SL3_10_C12b	SAT	SL3
SL3_10_C1b	SAT	SL3
SL3_10_C2b	SAT	SL3
SL3_10_C3b	SAT	SL3
SL3_10_C4b	SAT	SL3
SL3_10_C5b	SAT	SL3
SL3_10_C6b	SAT	SL3
SL3_10_C7b	SAT	SL3
SL3_10_C8b	SAT	SL3
SL3_10_C9b	SAT	SL3
SL3_10_D10b	SAT	SL3
SL3_10_D11b	SAT	SL3
SL3_10_D12b	SAT	SL3
SL3_10_D1b	SAT	SL3
SL3_10_D2b	SAT	SL3
SL3_10_D3b	SAT	SL3
SL3_10_D4b	SAT	SL3
SL3_10_D5b	SAT	SL3
SL3_10_D6b	SAT	SL3
SL3_10_D7b	SAT	SL3
SL3_10_D8b	SAT	SL3
SL3_10_D9b	SAT	SL3
SL3_10_E10b	SAT	SL3
SL3_10_E11b	SAT	SL3
SL3_10_E12b	SAT	SL3
SL3_10_E1b	SAT	SL3
SL3_10_E2b	SAT	SL3
SL3_10_E3b	SAT	SL3
SL3_10_E4b	SAT	SL3
SL3_10_E5b	SAT	SL3
SL3_10_E6b	SAT	SL3
SL3_10_E7b	SAT	SL3
SL3_10_E8b	SAT	SL3
SL3_10_E9b	SAT	SL3
SL3_10_F10b	SAT	SL3
SL3_10_F11b	SAT	SL3
SL3_10_F12b	SAT	SL3
SL3_10_F1b	SAT	SL3
SL3_10_F2b	SAT	SL3
SL3_10_F3b	SAT	SL3
SL3_10_F4b	SAT	SL3
SL3_10_F5b	SAT	SL3
SL3_10_F6b	SAT	SL3
SL3_10_F7b	SAT	SL3
SL3_10_F8b	SAT	SL3
SL3_10_F9b	SAT	SL3
SL3_10_G10b	SAT	SL3
SL3_10_G11b	SAT	SL3
SL3_10_G12b	SAT	SL3
SL3_10_G1b	SAT	SL3
SL3_10_G2b	SAT	SL3
SL3_10_G3b	SAT	SL3
SL3_10_G4b	SAT	SL3
SL3_10_G5b	SAT	SL3
SL3_10_G6b	SAT	SL3
SL3_10_G7b	SAT	SL3
SL3_10_G8b	SAT	SL3
SL3_10_G9b	SAT	SL3
SL3_10_H10b	SAT	SL3
SL3_10_H1b	SAT	SL3
SL3_10_H2b	SAT	SL3
SL3_10_H3b	SAT	SL3
SL3_10_H4b	SAT	SL3
SL3_10_H5b	SAT	SL3
SL3_10_H6b	SAT	SL3
SL3_10_H7b	SAT	SL3
SL3_10_H8b	SAT	SL3
SL3_10_H9b	SAT	SL3
SL3_11_A10	SAT	SL3
SL3_11_A11	SAT	SL3
SL3_11_A12	SAT	SL3
SL3_11_A1	SAT	SL3
SL3_11_A2	SAT	SL3
SL3_11_A3	SAT	SL3
SL3_11_A4	SAT	SL3
SL3_11_A5	SAT	SL3
SL3_11_A6	SAT	SL3
SL3_11_A7	SAT	SL3
SL3_11_A8	SAT	SL3
SL3_11_A9	SAT	SL3
SL3_11_B10	SAT	SL3
SL3_11_B11	SAT	SL3
SL3_11_B12	SAT	SL3
SL3_11_B1	SAT	SL3
SL3_11_B2	SAT	SL3
SL3_11_B3	SAT	SL3
SL3_11_B4	SAT	SL3
SL3_11_B5	SAT	SL3
SL3_11_B6	SAT	SL3
SL3_11_B7	SAT	SL3
SL3_11_B8	SAT	SL3
SL3_11_B9	SAT	SL3
SL3_11_C10	SAT	SL3
SL3_11_C11	SAT	SL3
SL3_11_C12	SAT	SL3
SL3_11_C1	SAT	SL3
SL3_11_C2	SAT	SL3
SL3_11_C3	SAT	SL3
SL3_11_C4	SAT	SL3
SL3_11_C5	SAT	SL3
SL3_11_C6	SAT	SL3
SL3_11_C7	SAT	SL3
SL3_11_C8	SAT	SL3
SL3_11_C9	SAT	SL3
SL3_11_D10	SAT	SL3
SL3_11_D11	SAT	SL3
SL3_11_D12	SAT	SL3
SL3_11_D1	SAT	SL3
SL3_11_D2	SAT	SL3
SL3_11_D3	SAT	SL3
SL3_11_D4	SAT	SL3
SL3_11_D5	SAT	SL3
SL3_11_D6	SAT	SL3
SL3_11_D7	SAT	SL3
SL3_11_D8	SAT	SL3
SL3_11_D9	SAT	SL3
SL3_11_E10	SAT	SL3
SL3_11_E11	SAT	SL3
SL3_11_E12	SAT	SL3
SL3_11_E1	SAT	SL3
SL3_11_E2	SAT	SL3
SL3_11_E3	SAT	SL3
SL3_11_E4	SAT	SL3
SL3_11_E5	SAT	SL3
SL3_11_E6	SAT	SL3
SL3_11_E7	SAT	SL3
SL3_11_E8	SAT	SL3
SL3_11_E9	SAT	SL3
SL3_11_F10	SAT	SL3
SL3_11_F11	SAT	SL3
SL3_11_F12	SAT	SL3
SL3_11_F1	SAT	SL3
SL3_11_F2	SAT	SL3
SL3_11_F3	SAT	SL3
SL3_11_F4	SAT	SL3
SL3_11_F5	SAT	SL3
SL3_11_F6	SAT	SL3
SL3_11_F7	SAT	SL3
SL3_11_F8	SAT	SL3
SL3_11_F9	SAT	SL3
SL3_11_G10	SAT	SL3
SL3_11_G11	SAT	SL3
SL3_11_G12	SAT	SL3
SL3_11_G1	SAT	SL3
SL3_11_G2	SAT	SL3
SL3_11_G3	SAT	SL3
SL3_11_G4	SAT	SL3
SL3_11_G5	SAT	SL3
SL3_11_G6	SAT	SL3
SL3_11_G7	SAT	SL3
SL3_11_G8	SAT	SL3
SL3_11_G9	SAT	SL3
SL3_11_H10	SAT	SL3
SL3_11_H11	SAT	SL3
SL3_11_H12	SAT	SL3
SL3_11_H1	SAT	SL3
SL3_11_H2	SAT	SL3
SL3_11_H3	SAT	SL3
SL3_11_H4	SAT	SL3
SL3_11_H5	SAT	SL3
SL3_11_H6	SAT	SL3
SL3_11_H7	SAT	SL3
SL3_11_H8	SAT	SL3
SL3_11_H9	SAT	SL3
SL4_01_A10	TL	SL4
SL4_01_A11	TL	SL4
SL4_01_A12	TL	SL4
SL4_01_A1	TL	SL4
SL4_01_A2	TL	SL4
SL4_01_A3	TL	SL4
SL4_01_A4	TL	SL4
SL4_01_A5	TL	SL4
SL4_01_A6	TL	SL4
SL4_01_A7	TL	SL4
SL4_01_A8	TL	SL4
SL4_01_A9	TL	SL4
SL4_01_B10	TL	SL4
SL4_01_B11	TL	SL4
SL4_01_B12	TL	SL4
SL4_01_B1	TL	SL4
SL4_01_B2	TL	SL4
SL4_01_B3	TL	SL4
SL4_01_B4	TL	SL4
SL4_01_B5	TL	SL4
SL4_01_B6	TL	SL4
SL4_01_B7	TL	SL4
SL4_01_B8	TL	SL4
SL4_01_B9	TL	SL4
SL4_01_C10	TL	SL4
SL4_01_C11	TL	SL4
SL4_01_C12	TL	SL4
SL4_01_C1	TL	SL4
SL4_01_C2	TL	SL4
SL4_01_C3	TL	SL4
SL4_01_C4	TL	SL4
SL4_01_C5	TL	SL4
SL4_01_C6	TL	SL4
SL4_01_C7	TL	SL4
SL4_01_C8	TL	SL4
SL4_01_C9	TL	SL4
SL4_01_D10	TL	SL4
SL4_01_D11	TL	SL4
SL4_01_D12	TL	SL4
SL4_01_D1	TL	SL4
SL4_01_D2	TL	SL4
SL4_01_D3	TL	SL4
SL4_01_D4	TL	SL4
SL4_01_D5	TL	SL4
SL4_01_D6	TL	SL4
SL4_01_D7	TL	SL4
SL4_01_D8	TL	SL4
SL4_01_D9	TL	SL4
SL4_01_E10	TL	SL4
SL4_01_E11	TL	SL4
SL4_01_E12	TL	SL4
SL4_01_E1	TL	SL4
SL4_01_E2	TL	SL4
SL4_01_E3	TL	SL4
SL4_01_E4	TL	SL4
SL4_01_E5	TL	SL4
SL4_01_E6	TL	SL4
SL4_01_E7	TL	SL4
SL4_01_E8	TL	SL4
SL4_01_E9	TL	SL4
SL4_01_F10	TL	SL4
SL4_01_F11	TL	SL4
SL4_01_F12	TL	SL4
SL4_01_F1	TL	SL4
SL4_01_F2	TL	SL4
SL4_01_F3	TL	SL4
SL4_01_F4	TL	SL4
SL4_01_F5	TL	SL4
SL4_01_F6	TL	SL4
SL4_01_F7	TL	SL4
SL4_01_F8	TL	SL4
SL4_01_F9	TL	SL4
SL4_01_G10	TL	SL4
SL4_01_G11	TL	SL4
SL4_01_G12	TL	SL4
SL4_01_G1	TL	SL4
SL4_01_G2	TL	SL4
SL4_01_G3	TL	SL4
SL4_01_G4	TL	SL4
SL4_01_G5	TL	SL4
SL4_01_G6	TL	SL4
SL4_01_G7	TL	SL4
SL4_01_G8	TL	SL4
SL4_01_G9	TL	SL4
SL4_01_H10	TL	SL4
SL4_01_H11	TL	SL4
SL4_01_H12	TL	SL4
SL4_01_H1	TL	SL4
SL4_01_H2	TL	SL4
SL4_01_H3	TL	SL4
SL4_01_H4	TL	SL4
SL4_01_H5	TL	SL4
SL4_01_H6	TL	SL4
SL4_01_H7	TL	SL4
SL4_01_H8	TL	SL4
SL4_01_H9	TL	SL4
SL4_02_A10	TL	SL4
SL4_02_A11	TL	SL4
SL4_02_A12	TL	SL4
SL4_02_A1	TL	SL4
SL4_02_A2	TL	SL4
SL4_02_A3	TL	SL4
SL4_02_A4	TL	SL4
SL4_02_A5	TL	SL4
SL4_02_A6	TL	SL4
SL4_02_A7	TL	SL4
SL4_02_A8	TL	SL4
SL4_02_A9	TL	SL4
SL4_02_B10	TL	SL4
SL4_02_B11	TL	SL4
SL4_02_B12	TL	SL4
SL4_02_B1	TL	SL4
SL4_02_B2	TL	SL4
SL4_02_B3	TL	SL4
SL4_02_B4	TL	SL4
SL4_02_B5	TL	SL4
SL4_02_B6	TL	SL4
SL4_02_B7	TL	SL4
SL4_02_B8	TL	SL4
SL4_02_B9	TL	SL4
SL4_02_C10	TL	SL4
SL4_02_C11	TL	SL4
SL4_02_C12	TL	SL4
SL4_02_C1	TL	SL4
SL4_02_C2	TL	SL4
SL4_02_C3	TL	SL4
SL4_02_C4	TL	SL4
SL4_02_C5	TL	SL4
SL4_02_C6	TL	SL4
SL4_02_C7	TL	SL4
SL4_02_C8	TL	SL4
SL4_02_C9	TL	SL4
SL4_02_D10	TL	SL4
SL4_02_D11	TL	SL4
SL4_02_D12	TL	SL4
SL4_02_D1	TL	SL4
SL4_02_D2	TL	SL4
SL4_02_D3	TL	SL4
SL4_02_D4	TL	SL4
SL4_02_D5	TL	SL4
SL4_02_D6	TL	SL4
SL4_02_D7	TL	SL4
SL4_02_D8	TL	SL4
SL4_02_D9	TL	SL4
SL4_02_E10	TL	SL4
SL4_02_E11	TL	SL4
SL4_02_E12	TL	SL4
SL4_02_E1	TL	SL4
SL4_02_E2	TL	SL4
SL4_02_E3	TL	SL4
SL4_02_E4	TL	SL4
SL4_02_E5	TL	SL4
SL4_02_E6	TL	SL4
SL4_02_E7	TL	SL4
SL4_02_E8	TL	SL4
SL4_02_E9	TL	SL4
SL4_02_F10	TL	SL4
SL4_02_F11	TL	SL4
SL4_02_F12	TL	SL4
SL4_02_F1	TL	SL4
SL4_02_F2	TL	SL4
SL4_02_F3	TL	SL4
SL4_02_F4	TL	SL4
SL4_02_F5	TL	SL4
SL4_02_F6	TL	SL4
SL4_02_F7	TL	SL4
SL4_02_F8	TL	SL4
SL4_02_F9	TL	SL4
SL4_02_G10	TL	SL4
SL4_02_G11	TL	SL4
SL4_02_G12	TL	SL4
SL4_02_G1	TL	SL4
SL4_02_G2	TL	SL4
SL4_02_G3	TL	SL4
SL4_02_G4	TL	SL4
SL4_02_G5	TL	SL4
SL4_02_G6	TL	SL4
SL4_02_G7	TL	SL4
SL4_02_G8	TL	SL4
SL4_02_G9	TL	SL4
SL4_02_H10	TL	SL4
SL4_02_H11	TL	SL4
SL4_02_H12	TL	SL4
SL4_02_H1	TL	SL4
SL4_02_H2	TL	SL4
SL4_02_H3	TL	SL4
SL4_02_H4	TL	SL4
SL4_02_H5	TL	SL4
SL4_02_H6	TL	SL4
SL4_02_H7	TL	SL4
SL4_02_H8	TL	SL4
SL4_02_H9	TL	SL4
SL4_03_A10	TL	SL4
SL4_03_A11	TL	SL4
SL4_03_A12	TL	SL4
SL4_03_A1	TL	SL4
SL4_03_A2	TL	SL4
SL4_03_A3	TL	SL4
SL4_03_A4	TL	SL4
SL4_03_A5	TL	SL4
SL4_03_A6	TL	SL4
SL4_03_A7	TL	SL4
SL4_03_A8	TL	SL4
SL4_03_A9	TL	SL4
SL4_03_B10	TL	SL4
SL4_03_B11	TL	SL4
SL4_03_B12	TL	SL4
SL4_03_B1	TL	SL4
SL4_03_B2	TL	SL4
SL4_03_B3	TL	SL4
SL4_03_B4	TL	SL4
SL4_03_B5	TL	SL4
SL4_03_B6	TL	SL4
SL4_03_B7	TL	SL4
SL4_03_B8	TL	SL4
SL4_03_B9	TL	SL4
SL4_03_C10	TL	SL4
SL4_03_C11	TL	SL4
SL4_03_C12	TL	SL4
SL4_03_C1	TL	SL4
SL4_03_C2	TL	SL4
SL4_03_C3	TL	SL4
SL4_03_C4	TL	SL4
SL4_03_C5	TL	SL4
SL4_03_C6	TL	SL4
SL4_03_C7	TL	SL4
SL4_03_C8	TL	SL4
SL4_03_C9	TL	SL4
SL4_03_D10	TL	SL4
SL4_03_D11	TL	SL4
SL4_03_D12	TL	SL4
SL4_03_D1	TL	SL4
SL4_03_D2	TL	SL4
SL4_03_D3	TL	SL4
SL4_03_D4	TL	SL4
SL4_03_D5	TL	SL4
SL4_03_D6	TL	SL4
SL4_03_D7	TL	SL4
SL4_03_D8	TL	SL4
SL4_03_D9	TL	SL4
SL4_03_E10	TL	SL4
SL4_03_E11	TL	SL4
SL4_03_E12	TL	SL4
SL4_03_E1	TL	SL4
SL4_03_E2	TL	SL4
SL4_03_E3	TL	SL4
SL4_03_E4	TL	SL4
SL4_03_E5	TL	SL4
SL4_03_E6	TL	SL4
SL4_03_E7	TL	SL4
SL4_03_E8	TL	SL4
SL4_03_E9	TL	SL4
SL4_03_F10	TL	SL4
SL4_03_F11	TL	SL4
SL4_03_F12	TL	SL4
SL4_03_F1	TL	SL4
SL4_03_F2	TL	SL4
SL4_03_F3	TL	SL4
SL4_03_F4	TL	SL4
SL4_03_F5	TL	SL4
SL4_03_F6	TL	SL4
SL4_03_F7	TL	SL4
SL4_03_F8	TL	SL4
SL4_03_F9	TL	SL4
SL4_03_G10	TL	SL4
SL4_03_G11	TL	SL4
SL4_03_G12	TL	SL4
SL4_03_G1	TL	SL4
SL4_03_G2	TL	SL4
SL4_03_G3	TL	SL4
SL4_03_G4	TL	SL4
SL4_03_G5	TL	SL4
SL4_03_G6	TL	SL4
SL4_03_G7	TL	SL4
SL4_03_G8	TL	SL4
SL4_03_G9	TL	SL4
SL4_03_H10	TL	SL4
SL4_03_H11	TL	SL4
SL4_03_H12	TL	SL4
SL4_03_H1	TL	SL4
SL4_03_H2	TL	SL4
SL4_03_H3	TL	SL4
SL4_03_H4	TL	SL4
SL4_03_H5	TL	SL4
SL4_03_H6	TL	SL4
SL4_03_H7	TL	SL4
SL4_03_H8	TL	SL4
SL4_03_H9	TL	SL4
SL4_04_A10	TL	SL4
SL4_04_A11	TL	SL4
SL4_04_A12	TL	SL4
SL4_04_A1	TL	SL4
SL4_04_A2	TL	SL4
SL4_04_A3	TL	SL4
SL4_04_A4	TL	SL4
SL4_04_A5	TL	SL4
SL4_04_A6	TL	SL4
SL4_04_A7	TL	SL4
SL4_04_A8	TL	SL4
SL4_04_A9	TL	SL4
SL4_04_B10	TL	SL4
SL4_04_B11	TL	SL4
SL4_04_B12	TL	SL4
SL4_04_B1	TL	SL4
SL4_04_B2	TL	SL4
SL4_04_B3	TL	SL4
SL4_04_B4	TL	SL4
SL4_04_B5	TL	SL4
SL4_04_B6	TL	SL4
SL4_04_B7	TL	SL4
SL4_04_B8	TL	SL4
SL4_04_B9	TL	SL4
SL4_04_C10	TL	SL4
SL4_04_C11	TL	SL4
SL4_04_C12	TL	SL4
SL4_04_C1	TL	SL4
SL4_04_C2	TL	SL4
SL4_04_C3	TL	SL4
SL4_04_C4	TL	SL4
SL4_04_C5	TL	SL4
SL4_04_C6	TL	SL4
SL4_04_C7	TL	SL4
SL4_04_C8	TL	SL4
SL4_04_C9	TL	SL4
SL4_04_D10	TL	SL4
SL4_04_D11	TL	SL4
SL4_04_D12	TL	SL4
SL4_04_D1	TL	SL4
SL4_04_D2	TL	SL4
SL4_04_D3	TL	SL4
SL4_04_D4	TL	SL4
SL4_04_D5	TL	SL4
SL4_04_D6	TL	SL4
SL4_04_D7	TL	SL4
SL4_04_D8	TL	SL4
SL4_04_D9	TL	SL4
SL4_04_E10	TL	SL4
SL4_04_E11	TL	SL4
SL4_04_E12	TL	SL4
SL4_04_E1	TL	SL4
SL4_04_E2	TL	SL4
SL4_04_E3	TL	SL4
SL4_04_E4	TL	SL4
SL4_04_E5	TL	SL4
SL4_04_E6	TL	SL4
SL4_04_E7	TL	SL4
SL4_04_E8	TL	SL4
SL4_04_E9	TL	SL4
SL4_04_F10	TL	SL4
SL4_04_F11	TL	SL4
SL4_04_F12	TL	SL4
SL4_04_F1	TL	SL4
SL4_04_F2	TL	SL4
SL4_04_F3	TL	SL4
SL4_04_F4	TL	SL4
SL4_04_F5	TL	SL4
SL4_04_F6	TL	SL4
SL4_04_F7	TL	SL4
SL4_04_F8	TL	SL4
SL4_04_F9	TL	SL4
SL4_04_G10	TL	SL4
SL4_04_G11	TL	SL4
SL4_04_G12	TL	SL4
SL4_04_G1	TL	SL4
SL4_04_G2	TL	SL4
SL4_04_G3	TL	SL4
SL4_04_G4	TL	SL4
SL4_04_G5	TL	SL4
SL4_04_G6	TL	SL4
SL4_04_G7	TL	SL4
SL4_04_G8	TL	SL4
SL4_04_G9	TL	SL4
SL4_04_H1	TL	SL4
SL4_04_H2	TL	SL4
SL4_04_H3	TL	SL4
SL4_04_H4	TL	SL4
SL4_04_H5	TL	SL4
SL4_04_H6	TL	SL4
SL4_04_H7	TL	SL4
SL4_04_H8	TL	SL4
SL4_05_A10	TL	SL4
SL4_05_A11	TL	SL4
SL4_05_A12	TL	SL4
SL4_05_A1	TL	SL4
SL4_05_A2	TL	SL4
SL4_05_A3	TL	SL4
SL4_05_A4	TL	SL4
SL4_05_A5	TL	SL4
SL4_05_A6	TL	SL4
SL4_05_A7	TL	SL4
SL4_05_A8	TL	SL4
SL4_05_A9	TL	SL4
SL4_05_B10	TL	SL4
SL4_05_B11	TL	SL4
SL4_05_B12	TL	SL4
SL4_05_B1	TL	SL4
SL4_05_B2	TL	SL4
SL4_05_B3	TL	SL4
SL4_05_B4	TL	SL4
SL4_05_B5	TL	SL4
SL4_05_B6	TL	SL4
SL4_05_B7	TL	SL4
SL4_05_B8	TL	SL4
SL4_05_B9	TL	SL4
SL4_05_C10	TL	SL4
SL4_05_C11	TL	SL4
SL4_05_C12	TL	SL4
SL4_05_C1	TL	SL4
SL4_05_C2	TL	SL4
SL4_05_C3	TL	SL4
SL4_05_C4	TL	SL4
SL4_05_C5	TL	SL4
SL4_05_C6	TL	SL4
SL4_05_C7	TL	SL4
SL4_05_C8	TL	SL4
SL4_05_C9	TL	SL4
SL4_05_D10	TL	SL4
SL4_05_D11	TL	SL4
SL4_05_D12	TL	SL4
SL4_05_D1	TL	SL4
SL4_05_D2	TL	SL4
SL4_05_D3	TL	SL4
SL4_05_D4	TL	SL4
SL4_05_D5	TL	SL4
SL4_05_D6	TL	SL4
SL4_05_D7	TL	SL4
SL4_05_D8	TL	SL4
SL4_05_D9	TL	SL4
SL4_05_E10	TL	SL4
SL4_05_E11	TL	SL4
SL4_05_E12	TL	SL4
SL4_05_E1	TL	SL4
SL4_05_E2	TL	SL4
SL4_05_E3	TL	SL4
SL4_05_E4	TL	SL4
SL4_05_E5	TL	SL4
SL4_05_E6	TL	SL4
SL4_05_E7	TL	SL4
SL4_05_E8	TL	SL4
SL4_05_E9	TL	SL4
SL4_05_F10	TL	SL4
SL4_05_F11	TL	SL4
SL4_05_F12	TL	SL4
SL4_05_F1	TL	SL4
SL4_05_F2	TL	SL4
SL4_05_F3	TL	SL4
SL4_05_F4	TL	SL4
SL4_05_F5	TL	SL4
SL4_05_F6	TL	SL4
SL4_05_F7	TL	SL4
SL4_05_F8	TL	SL4
SL4_05_F9	TL	SL4
SL4_05_G10	TL	SL4
SL4_05_G11	TL	SL4
SL4_05_G12	TL	SL4
SL4_05_G1	TL	SL4
SL4_05_G2	TL	SL4
SL4_05_G3	TL	SL4
SL4_05_G4	TL	SL4
SL4_05_G5	TL	SL4
SL4_05_G6	TL	SL4
SL4_05_G7	TL	SL4
SL4_05_G8	TL	SL4
SL4_05_G9	TL	SL4
SL4_05_H10	TL	SL4
SL4_05_H11	TL	SL4
SL4_05_H1	TL	SL4
SL4_05_H2	TL	SL4
SL4_05_H3	TL	SL4
SL4_05_H4	TL	SL4
SL4_05_H5	TL	SL4
SL4_05_H6	TL	SL4
SL4_05_H7	TL	SL4
SL4_05_H8	TL	SL4
SL4_05_H9	TL	SL4
SL4_06_A10	TL	SL4
SL4_06_A11	TL	SL4
SL4_06_A12	TL	SL4
SL4_06_A1	TL	SL4
SL4_06_A2	TL	SL4
SL4_06_A3	TL	SL4
SL4_06_A4	TL	SL4
SL4_06_A5	TL	SL4
SL4_06_A6	TL	SL4
SL4_06_A7	TL	SL4
SL4_06_A8	TL	SL4
SL4_06_A9	TL	SL4
SL4_06_B10	TL	SL4
SL4_06_B11	TL	SL4
SL4_06_B12	TL	SL4
SL4_06_B1	TL	SL4
SL4_06_B2	TL	SL4
SL4_06_B3	TL	SL4
SL4_06_B4	TL	SL4
SL4_06_B5	TL	SL4
SL4_06_B6	TL	SL4
SL4_06_B7	TL	SL4
SL4_06_B8	TL	SL4
SL4_06_B9	TL	SL4
SL4_06_C10	TL	SL4
SL4_06_C11	TL	SL4
SL4_06_C12	TL	SL4
SL4_06_C1	TL	SL4
SL4_06_C2	TL	SL4
SL4_06_C3	TL	SL4
SL4_06_C4	TL	SL4
SL4_06_C5	TL	SL4
SL4_06_C6	TL	SL4
SL4_06_C7	TL	SL4
SL4_06_C8	TL	SL4
SL4_06_C9	TL	SL4
SL4_06_D10	TL	SL4
SL4_06_D11	TL	SL4
SL4_06_D12	TL	SL4
SL4_06_D1	TL	SL4
SL4_06_D2	TL	SL4
SL4_06_D3	TL	SL4
SL4_06_D4	TL	SL4
SL4_06_D5	TL	SL4
SL4_06_D6	TL	SL4
SL4_06_D7	TL	SL4
SL4_06_D8	TL	SL4
SL4_06_D9	TL	SL4
SL4_06_E10	TL	SL4
SL4_06_E11	TL	SL4
SL4_06_E12	TL	SL4
SL4_06_E2	TL	SL4
SL4_06_E3	TL	SL4
SL4_06_E4	TL	SL4
SL4_06_E5	TL	SL4
SL4_06_E6	TL	SL4
SL4_06_E7	TL	SL4
SL4_06_E8	TL	SL4
SL4_06_E9	TL	SL4
SL4_06_F10	TL	SL4
SL4_06_F12	TL	SL4
SL4_06_F1	TL	SL4
SL4_06_F2	TL	SL4
SL4_06_F3	TL	SL4
SL4_06_F5	TL	SL4
SL4_06_F6	TL	SL4
SL4_06_F7	TL	SL4
SL4_06_F8	TL	SL4
SL4_06_F9	TL	SL4
SL4_06_G10	TL	SL4
SL4_06_G11	TL	SL4
SL4_06_G12	TL	SL4
SL4_06_G1	TL	SL4
SL4_06_G2	TL	SL4
SL4_06_G3	TL	SL4
SL4_06_G4	TL	SL4
SL4_06_G5	TL	SL4
SL4_06_G6	TL	SL4
SL4_06_G7	TL	SL4
SL4_06_G8	TL	SL4
SL4_06_G9	TL	SL4
SL4_06_H10	TL	SL4
SL4_06_H11	TL	SL4
SL4_06_H1	TL	SL4
SL4_06_H2	TL	SL4
SL4_06_H3	TL	SL4
SL4_06_H4	TL	SL4
SL4_06_H5	TL	SL4
SL4_06_H6	TL	SL4
SL4_06_H7	TL	SL4
SL4_06_H9	TL	SL4
SL4_07_A10	TL	SL4
SL4_07_A11	TL	SL4
SL4_07_A12	TL	SL4
SL4_07_A1	TL	SL4
SL4_07_A2	TL	SL4
SL4_07_A3	TL	SL4
SL4_07_A4	TL	SL4
SL4_07_A5	TL	SL4
SL4_07_A6	TL	SL4
SL4_07_A7	TL	SL4
SL4_07_A8	TL	SL4
SL4_07_A9	TL	SL4
SL4_07_B10	TL	SL4
SL4_07_B11	TL	SL4
SL4_07_B12	TL	SL4
SL4_07_B1	TL	SL4
SL4_07_B2	TL	SL4
SL4_07_B3	TL	SL4
SL4_07_B4	TL	SL4
SL4_07_B5	TL	SL4
SL4_07_B6	TL	SL4
SL4_07_B7	TL	SL4
SL4_07_B8	TL	SL4
SL4_07_B9	TL	SL4
SL4_07_C10	TL	SL4
SL4_07_C11	TL	SL4
SL4_07_C12	TL	SL4
SL4_07_C1	TL	SL4
SL4_07_C2	TL	SL4
SL4_07_C3	TL	SL4
SL4_07_C4	TL	SL4
SL4_07_C5	TL	SL4
SL4_07_C6	TL	SL4
SL4_07_C7	TL	SL4
SL4_07_C8	TL	SL4
SL4_07_C9	TL	SL4
SL4_07_D10	TL	SL4
SL4_07_D11	TL	SL4
SL4_07_D12	TL	SL4
SL4_07_D1	TL	SL4
SL4_07_D2	TL	SL4
SL4_07_D3	TL	SL4
SL4_07_D4	TL	SL4
SL4_07_D5	TL	SL4
SL4_07_D6	TL	SL4
SL4_07_D7	TL	SL4
SL4_07_D8	TL	SL4
SL4_07_D9	TL	SL4
SL4_07_E10	TL	SL4
SL4_07_E11	TL	SL4
SL4_07_E12	TL	SL4
SL4_07_E1	TL	SL4
SL4_07_E2	TL	SL4
SL4_07_E3	TL	SL4
SL4_07_E4	TL	SL4
SL4_07_E5	TL	SL4
SL4_07_E6	TL	SL4
SL4_07_E7	TL	SL4
SL4_07_E8	TL	SL4
SL4_07_E9	TL	SL4
SL4_07_F10	TL	SL4
SL4_07_F11	TL	SL4
SL4_07_F12	TL	SL4
SL4_07_F1	TL	SL4
SL4_07_F2	TL	SL4
SL4_07_F3	TL	SL4
SL4_07_F4	TL	SL4
SL4_07_F5	TL	SL4
SL4_07_F6	TL	SL4
SL4_07_F7	TL	SL4
SL4_07_F8	TL	SL4
SL4_07_F9	TL	SL4
SL4_07_G10	TL	SL4
SL4_07_G11	TL	SL4
SL4_07_G12	TL	SL4
SL4_07_G1	TL	SL4
SL4_07_G2	TL	SL4
SL4_07_G3	TL	SL4
SL4_07_G4	TL	SL4
SL4_07_G5	TL	SL4
SL4_07_G6	TL	SL4
SL4_07_G7	TL	SL4
SL4_07_G8	TL	SL4
SL4_07_G9	TL	SL4
SL4_07_H10	TL	SL4
SL4_07_H11	TL	SL4
SL4_07_H1	TL	SL4
SL4_07_H2	TL	SL4
SL4_07_H3	TL	SL4
SL4_07_H4	TL	SL4
SL4_07_H5	TL	SL4
SL4_07_H6	TL	SL4
SL4_07_H7	TL	SL4
SL4_07_H8	TL	SL4
SL4_07_H9	TL	SL4
SL4_08_A10	TL	SL4
SL4_08_A11	TL	SL4
SL4_08_A12	TL	SL4
SL4_08_A1	TL	SL4
SL4_08_A2	TL	SL4
SL4_08_A3	TL	SL4
SL4_08_A4	TL	SL4
SL4_08_A5	TL	SL4
SL4_08_A6	TL	SL4
SL4_08_A7	TL	SL4
SL4_08_A8	TL	SL4
SL4_08_A9	TL	SL4
SL4_08_B10	TL	SL4
SL4_08_B11	TL	SL4
SL4_08_B12	TL	SL4
SL4_08_B1	TL	SL4
SL4_08_B2	TL	SL4
SL4_08_B3	TL	SL4
SL4_08_B4	TL	SL4
SL4_08_B5	TL	SL4
SL4_08_B6	TL	SL4
SL4_08_B7	TL	SL4
SL4_08_B8	TL	SL4
SL4_08_B9	TL	SL4
SL4_08_C10	TL	SL4
SL4_08_C11	TL	SL4
SL4_08_C12	TL	SL4
SL4_08_C1	TL	SL4
SL4_08_C2	TL	SL4
SL4_08_C3	TL	SL4
SL4_08_C4	TL	SL4
SL4_08_C5	TL	SL4
SL4_08_C6	TL	SL4
SL4_08_C7	TL	SL4
SL4_08_C8	TL	SL4
SL4_08_C9	TL	SL4
SL4_08_D10	TL	SL4
SL4_08_D11	TL	SL4
SL4_08_D12	TL	SL4
SL4_08_D1	TL	SL4
SL4_08_D2	TL	SL4
SL4_08_D3	TL	SL4
SL4_08_D4	TL	SL4
SL4_08_D5	TL	SL4
SL4_08_D6	TL	SL4
SL4_08_D7	TL	SL4
SL4_08_D8	TL	SL4
SL4_08_D9	TL	SL4
SL4_08_E10	TL	SL4
SL4_08_E11	TL	SL4
SL4_08_E12	TL	SL4
SL4_08_E1	TL	SL4
SL4_08_E2	TL	SL4
SL4_08_E3	TL	SL4
SL4_08_E4	TL	SL4
SL4_08_E5	TL	SL4
SL4_08_E6	TL	SL4
SL4_08_E7	TL	SL4
SL4_08_E8	TL	SL4
SL4_08_E9	TL	SL4
SL4_08_F10	TL	SL4
SL4_08_F11	TL	SL4
SL4_08_F12	TL	SL4
SL4_08_F1	TL	SL4
SL4_08_F2	TL	SL4
SL4_08_F3	TL	SL4
SL4_08_F4	TL	SL4
SL4_08_F5	TL	SL4
SL4_08_F6	TL	SL4
SL4_08_F7	TL	SL4
SL4_08_F8	TL	SL4
SL4_08_F9	TL	SL4
SL4_08_G10	TL	SL4
SL4_08_G11	TL	SL4
SL4_08_G12	TL	SL4
SL4_08_G1	TL	SL4
SL4_08_G2	TL	SL4
SL4_08_G3	TL	SL4
SL4_08_G4	TL	SL4
SL4_08_G5	TL	SL4
SL4_08_G6	TL	SL4
SL4_08_G7	TL	SL4
SL4_08_G8	TL	SL4
SL4_08_G9	TL	SL4
SL4_08_H10	TL	SL4
SL4_08_H11	TL	SL4
SL4_08_H1	TL	SL4
SL4_08_H2	TL	SL4
SL4_08_H3	TL	SL4
SL4_08_H4	TL	SL4
SL4_08_H5	TL	SL4
SL4_08_H6	TL	SL4
SL4_08_H7	TL	SL4
SL4_08_H8	TL	SL4
SL4_08_H9	TL	SL4
SL4_09_A10	TL	SL4
SL4_09_A11	TL	SL4
SL4_09_A12	TL	SL4
SL4_09_A1	TL	SL4
SL4_09_A2	TL	SL4
SL4_09_A3	TL	SL4
SL4_09_A4	TL	SL4
SL4_09_A5	TL	SL4
SL4_09_A6	TL	SL4
SL4_09_A7	TL	SL4
SL4_09_A8	TL	SL4
SL4_09_A9	TL	SL4
SL4_09_B10	TL	SL4
SL4_09_B11	TL	SL4
SL4_09_B12	TL	SL4
SL4_09_B1	TL	SL4
SL4_09_B2	TL	SL4
SL4_09_B3	TL	SL4
SL4_09_B4	TL	SL4
SL4_09_B5	TL	SL4
SL4_09_B6	TL	SL4
SL4_09_B7	TL	SL4
SL4_09_B8	TL	SL4
SL4_09_B9	TL	SL4
SL4_09_C10	TL	SL4
SL4_09_C11	TL	SL4
SL4_09_C12	TL	SL4
SL4_09_C1	TL	SL4
SL4_09_C2	TL	SL4
SL4_09_C3	TL	SL4
SL4_09_C4	TL	SL4
SL4_09_C5	TL	SL4
SL4_09_C6	TL	SL4
SL4_09_C7	TL	SL4
SL4_09_C8	TL	SL4
SL4_09_C9	TL	SL4
SL4_09_D10	TL	SL4
SL4_09_D11	TL	SL4
SL4_09_D12	TL	SL4
SL4_09_D1	TL	SL4
SL4_09_D2	TL	SL4
SL4_09_D3	TL	SL4
SL4_09_D4	TL	SL4
SL4_09_D5	TL	SL4
SL4_09_D6	TL	SL4
SL4_09_D7	TL	SL4
SL4_09_D8	TL	SL4
SL4_09_D9	TL	SL4
SL4_09_E10	TL	SL4
SL4_09_E11	TL	SL4
SL4_09_E12	TL	SL4
SL4_09_E1	TL	SL4
SL4_09_E2	TL	SL4
SL4_09_E3	TL	SL4
SL4_09_E4	TL	SL4
SL4_09_E5	TL	SL4
SL4_09_E6	TL	SL4
SL4_09_E7	TL	SL4
SL4_09_E8	TL	SL4
SL4_09_E9	TL	SL4
SL4_09_F10	TL	SL4
SL4_09_F11	TL	SL4
SL4_09_F12	TL	SL4
SL4_09_F1	TL	SL4
SL4_09_F2	TL	SL4
SL4_09_F3	TL	SL4
SL4_09_F4	TL	SL4
SL4_09_F5	TL	SL4
SL4_09_F6	TL	SL4
SL4_09_F7	TL	SL4
SL4_09_F8	TL	SL4
SL4_09_F9	TL	SL4
SL4_09_G10	TL	SL4
SL4_09_G11	TL	SL4
SL4_09_G12	TL	SL4
SL4_09_G1	TL	SL4
SL4_09_G2	TL	SL4
SL4_09_G3	TL	SL4
SL4_09_G4	TL	SL4
SL4_09_G5	TL	SL4
SL4_09_G6	TL	SL4
SL4_09_G7	TL	SL4
SL4_09_G8	TL	SL4
SL4_09_G9	TL	SL4
SL4_09_H10	TL	SL4
SL4_09_H11	TL	SL4
SL4_09_H1	TL	SL4
SL4_09_H2	TL	SL4
SL4_09_H3	TL	SL4
SL4_09_H4	TL	SL4
SL4_09_H5	TL	SL4
SL4_09_H6	TL	SL4
SL4_09_H7	TL	SL4
SL4_09_H8	TL	SL4
SL4_09_H9	TL	SL4
SL4_10_A10	TL	SL4
SL4_10_A11	TL	SL4
SL4_10_A12	TL	SL4
SL4_10_A1	TL	SL4
SL4_10_A2	TL	SL4
SL4_10_A3	TL	SL4
SL4_10_A4	TL	SL4
SL4_10_A5	TL	SL4
SL4_10_A6	TL	SL4
SL4_10_A7	TL	SL4
SL4_10_A8	TL	SL4
SL4_10_A9	TL	SL4
SL4_10_B10	TL	SL4
SL4_10_B11	TL	SL4
SL4_10_B12	TL	SL4
SL4_10_B1	TL	SL4
SL4_10_B2	TL	SL4
SL4_10_B3	TL	SL4
SL4_10_B4	TL	SL4
SL4_10_B5	TL	SL4
SL4_10_B6	TL	SL4
SL4_10_B7	TL	SL4
SL4_10_B8	TL	SL4
SL4_10_B9	TL	SL4
SL4_10_C10	TL	SL4
SL4_10_C11	TL	SL4
SL4_10_C12	TL	SL4
SL4_10_C1	TL	SL4
SL4_10_C2	TL	SL4
SL4_10_C3	TL	SL4
SL4_10_C4	TL	SL4
SL4_10_C5	TL	SL4
SL4_10_C6	TL	SL4
SL4_10_C7	TL	SL4
SL4_10_C8	TL	SL4
SL4_10_C9	TL	SL4
SL4_10_D10	TL	SL4
SL4_10_D11	TL	SL4
SL4_10_D12	TL	SL4
SL4_10_D1	TL	SL4
SL4_10_D2	TL	SL4
SL4_10_D3	TL	SL4
SL4_10_D4	TL	SL4
SL4_10_D5	TL	SL4
SL4_10_D6	TL	SL4
SL4_10_D7	TL	SL4
SL4_10_D8	TL	SL4
SL4_10_D9	TL	SL4
SL4_10_E10	TL	SL4
SL4_10_E11	TL	SL4
SL4_10_E12	TL	SL4
SL4_10_E1	TL	SL4
SL4_10_E2	TL	SL4
SL4_10_E3	TL	SL4
SL4_10_E4	TL	SL4
SL4_10_E5	TL	SL4
SL4_10_E6	TL	SL4
SL4_10_E7	TL	SL4
SL4_10_E8	TL	SL4
SL4_10_E9	TL	SL4
SL4_10_F10	TL	SL4
SL4_10_F11	TL	SL4
SL4_10_F12	TL	SL4
SL4_10_F1	TL	SL4
SL4_10_F2	TL	SL4
SL4_10_F3	TL	SL4
SL4_10_F4	TL	SL4
SL4_10_F5	TL	SL4
SL4_10_F6	TL	SL4
SL4_10_F7	TL	SL4
SL4_10_F8	TL	SL4
SL4_10_F9	TL	SL4
SL4_10_G10	TL	SL4
SL4_10_G11	TL	SL4
SL4_10_G12	TL	SL4
SL4_10_G1	TL	SL4
SL4_10_G2	TL	SL4
SL4_10_G3	TL	SL4
SL4_10_G4	TL	SL4
SL4_10_G5	TL	SL4
SL4_10_G6	TL	SL4
SL4_10_G7	TL	SL4
SL4_10_G9	TL	SL4
SL4_10_H10	TL	SL4
SL4_10_H11	TL	SL4
SL4_10_H1	TL	SL4
SL4_10_H2	TL	SL4
SL4_10_H3	TL	SL4
SL4_10_H4	TL	SL4
SL4_10_H5	TL	SL4
SL4_10_H6	TL	SL4
SL4_10_H7	TL	SL4
SL4_10_H8	TL	SL4
SL4_10_H9	TL	SL4
SL4_11_A10	TL	SL4
SL4_11_A11	TL	SL4
SL4_11_A12	TL	SL4
SL4_11_A1	TL	SL4
SL4_11_A2	TL	SL4
SL4_11_A3	TL	SL4
SL4_11_A4	TL	SL4
SL4_11_A5	TL	SL4
SL4_11_A6	TL	SL4
SL4_11_A7	TL	SL4
SL4_11_A8	TL	SL4
SL4_11_A9	TL	SL4
SL4_11_B10	TL	SL4
SL4_11_B11	TL	SL4
SL4_11_B12	TL	SL4
SL4_11_B1	TL	SL4
SL4_11_B2	TL	SL4
SL4_11_B3	TL	SL4
SL4_11_B4	TL	SL4
SL4_11_B5	TL	SL4
SL4_11_B6	TL	SL4
SL4_11_B7	TL	SL4
SL4_11_B8	TL	SL4
SL4_11_B9	TL	SL4
SL4_11_C10	TL	SL4
SL4_11_C11	TL	SL4
SL4_11_C12	TL	SL4
SL4_11_C1	TL	SL4
SL4_11_C2	TL	SL4
SL4_11_C3	TL	SL4
SL4_11_C4	TL	SL4
SL4_11_C5	TL	SL4
SL4_11_C6	TL	SL4
SL4_11_C7	TL	SL4
SL4_11_C8	TL	SL4
SL4_11_C9	TL	SL4
SL4_11_D10	TL	SL4
SL4_11_D11	TL	SL4
SL4_11_D12	TL	SL4
SL4_11_D1	TL	SL4
SL4_11_D2	TL	SL4
SL4_11_D3	TL	SL4
SL4_11_D4	TL	SL4
SL4_11_D5	TL	SL4
SL4_11_D6	TL	SL4
SL4_11_D7	TL	SL4
SL4_11_D8	TL	SL4
SL4_11_D9	TL	SL4
SL4_11_F10	TL	SL4
SL4_11_F11	TL	SL4
SL4_11_F12	TL	SL4
SL4_11_F5	TL	SL4
SL4_11_F6	TL	SL4
SL4_11_F7	TL	SL4
SL4_11_F8	TL	SL4
SL4_11_F9	TL	SL4
SL6_01_A10	TL	$SL6
SL6_01_A11	TL	$SL6
SL6_01_A12	TL	$SL6
SL6_01_A1	TL	$SL6
SL6_01_A2	TL	$SL6
SL6_01_A3	TL	$SL6
SL6_01_A4	TL	$SL6
SL6_01_A5	TL	$SL6
SL6_01_A6	TL	$SL6
SL6_01_A7	TL	$SL6
SL6_01_A8	TL	$SL6
SL6_01_A9	TL	$SL6
SL6_01_B10	TL	$SL6
SL6_01_B11	TL	$SL6
SL6_01_B12	TL	$SL6
SL6_01_B1	TL	$SL6
SL6_01_B2	TL	$SL6
SL6_01_B3	TL	$SL6
SL6_01_B4	TL	$SL6
SL6_01_B5	TL	$SL6
SL6_01_B6	TL	$SL6
SL6_01_B7	TL	$SL6
SL6_01_B8	TL	$SL6
SL6_01_B9	TL	$SL6
SL6_01_C10	TL	$SL6
SL6_01_C11	TL	$SL6
SL6_01_C12	TL	$SL6
SL6_01_C1	TL	$SL6
SL6_01_C2	TL	$SL6
SL6_01_C3	TL	$SL6
SL6_01_C4	TL	$SL6
SL6_01_C5	TL	$SL6
SL6_01_C6	TL	$SL6
SL6_01_C7	TL	$SL6
SL6_01_C8	TL	$SL6
SL6_01_C9	TL	$SL6
SL6_01_D10	TL	$SL6
SL6_01_D11	TL	$SL6
SL6_01_D12	TL	$SL6
SL6_01_D1	TL	$SL6
SL6_01_D2	TL	$SL6
SL6_01_D3	TL	$SL6
SL6_01_D4	TL	$SL6
SL6_01_D5	TL	$SL6
SL6_01_D6	TL	$SL6
SL6_01_D7	TL	$SL6
SL6_01_D8	TL	$SL6
SL6_01_D9	TL	$SL6
SL6_01_E10	TL	$SL6
SL6_01_E11	TL	$SL6
SL6_01_E12	TL	$SL6
SL6_01_E1	TL	$SL6
SL6_01_E2	TL	$SL6
SL6_01_E3	TL	$SL6
SL6_01_E4	TL	$SL6
SL6_01_E5	TL	$SL6
SL6_01_E6	TL	$SL6
SL6_01_E7	TL	$SL6
SL6_01_E8	TL	$SL6
SL6_01_E9	TL	$SL6
SL6_01_F10	TL	$SL6
SL6_01_F11	TL	$SL6
SL6_01_F12	TL	$SL6
SL6_01_F1	TL	$SL6
SL6_01_F2	TL	$SL6
SL6_01_F3	TL	$SL6
SL6_01_F4	TL	$SL6
SL6_01_F5	TL	$SL6
SL6_01_F6	TL	$SL6
SL6_01_F7	TL	$SL6
SL6_01_F8	TL	$SL6
SL6_01_F9	TL	$SL6
SL6_01_G10	TL	$SL6
SL6_01_G11	TL	$SL6
SL6_01_G12	TL	$SL6
SL6_01_G1	TL	$SL6
SL6_01_G2	TL	$SL6
SL6_01_G3	TL	$SL6
SL6_01_G4	TL	$SL6
SL6_01_G5	TL	$SL6
SL6_01_G6	TL	$SL6
SL6_01_G7	TL	$SL6
SL6_01_G8	TL	$SL6
SL6_01_G9	TL	$SL6
SL6_01_H10	TL	$SL6
SL6_01_H11	TL	$SL6
SL6_01_H1	TL	$SL6
SL6_01_H2	TL	$SL6
SL6_01_H3	TL	$SL6
SL6_01_H4	TL	$SL6
SL6_01_H5	TL	$SL6
SL6_01_H6	TL	$SL6
SL6_01_H7	TL	$SL6
SL6_01_H8	TL	$SL6
SL6_01_H9	TL	$SL6
SL6_02_A10	TL	$SL6
SL6_02_A11	TL	$SL6
SL6_02_A12	TL	$SL6
SL6_02_A1	TL	$SL6
SL6_02_A2	TL	$SL6
SL6_02_A3	TL	$SL6
SL6_02_A4	TL	$SL6
SL6_02_A5	TL	$SL6
SL6_02_A6	TL	$SL6
SL6_02_A7	TL	$SL6
SL6_02_A8	TL	$SL6
SL6_02_A9	TL	$SL6
SL6_02_B10	TL	$SL6
SL6_02_B11	TL	$SL6
SL6_02_B12	TL	$SL6
SL6_02_B1	TL	$SL6
SL6_02_B2	TL	$SL6
SL6_02_B3	TL	$SL6
SL6_02_B4	TL	$SL6
SL6_02_B5	TL	$SL6
SL6_02_B6	TL	$SL6
SL6_02_B7	TL	$SL6
SL6_02_B8	TL	$SL6
SL6_02_B9	TL	$SL6
SL6_02_C10	TL	$SL6
SL6_02_C11	TL	$SL6
SL6_02_C12	TL	$SL6
SL6_02_C1	TL	$SL6
SL6_02_C2	TL	$SL6
SL6_02_C3	TL	$SL6
SL6_02_C4	TL	$SL6
SL6_02_C5	TL	$SL6
SL6_02_C6	TL	$SL6
SL6_02_C7	TL	$SL6
SL6_02_C8	TL	$SL6
SL6_02_C9	TL	$SL6
SL6_02_D10	TL	$SL6
SL6_02_D11	TL	$SL6
SL6_02_D12	TL	$SL6
SL6_02_D1	TL	$SL6
SL6_02_D2	TL	$SL6
SL6_02_D3	TL	$SL6
SL6_02_D4	TL	$SL6
SL6_02_D5	TL	$SL6
SL6_02_D6	TL	$SL6
SL6_02_D7	TL	$SL6
SL6_02_D8	TL	$SL6
SL6_02_D9	TL	$SL6
SL6_02_E10	TL	$SL6
SL6_02_E11	TL	$SL6
SL6_02_E12	TL	$SL6
SL6_02_E1	TL	$SL6
SL6_02_E2	TL	$SL6
SL6_02_E3	TL	$SL6
SL6_02_E4	TL	$SL6
SL6_02_E5	TL	$SL6
SL6_02_E6	TL	$SL6
SL6_02_E7	TL	$SL6
SL6_02_E8	TL	$SL6
SL6_02_E9	TL	$SL6
SL6_02_F10	TL	$SL6
SL6_02_F11	TL	$SL6
SL6_02_F12	TL	$SL6
SL6_02_F1	TL	$SL6
SL6_02_F2	TL	$SL6
SL6_02_F3	TL	$SL6
SL6_02_F4	TL	$SL6
SL6_02_F5	TL	$SL6
SL6_02_F6	TL	$SL6
SL6_02_F7	TL	$SL6
SL6_02_F8	TL	$SL6
SL6_02_F9	TL	$SL6
SL6_02_G10	TL	$SL6
SL6_02_G11	TL	$SL6
SL6_02_G12	TL	$SL6
SL6_02_G1	TL	$SL6
SL6_02_G2	TL	$SL6
SL6_02_G3	TL	$SL6
SL6_02_G4	TL	$SL6
SL6_02_G5	TL	$SL6
SL6_02_G6	TL	$SL6
SL6_02_G7	TL	$SL6
SL6_02_G8	TL	$SL6
SL6_02_G9	TL	$SL6
SL6_02_H10	TL	$SL6
SL6_02_H11	TL	$SL6
SL6_02_H1	TL	$SL6
SL6_02_H2	TL	$SL6
SL6_02_H3	TL	$SL6
SL6_02_H4	TL	$SL6
SL6_02_H5	TL	$SL6
SL6_02_H6	TL	$SL6
SL6_02_H7	TL	$SL6
SL6_02_H8	TL	$SL6
SL6_02_H9	TL	$SL6
SL6_03_A10	TL	$SL6
SL6_03_A11	TL	$SL6
SL6_03_A12	TL	$SL6
SL6_03_A1	TL	$SL6
SL6_03_A2	TL	$SL6
SL6_03_A3	TL	$SL6
SL6_03_A4	TL	$SL6
SL6_03_A5	TL	$SL6
SL6_03_A6	TL	$SL6
SL6_03_A7	TL	$SL6
SL6_03_A8	TL	$SL6
SL6_03_A9	TL	$SL6
SL6_03_B10	TL	$SL6
SL6_03_B11	TL	$SL6
SL6_03_B12	TL	$SL6
SL6_03_B1	TL	$SL6
SL6_03_B2	TL	$SL6
SL6_03_B3	TL	$SL6
SL6_03_B4	TL	$SL6
SL6_03_B5	TL	$SL6
SL6_03_B6	TL	$SL6
SL6_03_B7	TL	$SL6
SL6_03_B8	TL	$SL6
SL6_03_B9	TL	$SL6
SL6_03_C10	TL	$SL6
SL6_03_C11	TL	$SL6
SL6_03_C12	TL	$SL6
SL6_03_C1	TL	$SL6
SL6_03_C2	TL	$SL6
SL6_03_C3	TL	$SL6
SL6_03_C4	TL	$SL6
SL6_03_C5	TL	$SL6
SL6_03_C6	TL	$SL6
SL6_03_C7	TL	$SL6
SL6_03_C8	TL	$SL6
SL6_03_C9	TL	$SL6
SL6_03_D10	TL	$SL6
SL6_03_D11	TL	$SL6
SL6_03_D12	TL	$SL6
SL6_03_D1	TL	$SL6
SL6_03_D2	TL	$SL6
SL6_03_D3	TL	$SL6
SL6_03_D4	TL	$SL6
SL6_03_D5	TL	$SL6
SL6_03_D6	TL	$SL6
SL6_03_D7	TL	$SL6
SL6_03_D8	TL	$SL6
SL6_03_D9	TL	$SL6
SL6_03_E10	TL	$SL6
SL6_03_E11	TL	$SL6
SL6_03_E12	TL	$SL6
SL6_03_E1	TL	$SL6
SL6_03_E2	TL	$SL6
SL6_03_E3	TL	$SL6
SL6_03_E4	TL	$SL6
SL6_03_E5	TL	$SL6
SL6_03_E6	TL	$SL6
SL6_03_E7	TL	$SL6
SL6_03_E8	TL	$SL6
SL6_03_E9	TL	$SL6
SL6_03_F10	TL	$SL6
SL6_03_F11	TL	$SL6
SL6_03_F12	TL	$SL6
SL6_03_F1	TL	$SL6
SL6_03_F2	TL	$SL6
SL6_03_F3	TL	$SL6
SL6_03_F4	TL	$SL6
SL6_03_F5	TL	$SL6
SL6_03_F6	TL	$SL6
SL6_03_F7	TL	$SL6
SL6_03_F8	TL	$SL6
SL6_03_F9	TL	$SL6
SL6_03_G10	TL	$SL6
SL6_03_G11	TL	$SL6
SL6_03_G12	TL	$SL6
SL6_03_G1	TL	$SL6
SL6_03_G2	TL	$SL6
SL6_03_G3	TL	$SL6
SL6_03_G4	TL	$SL6
SL6_03_G5	TL	$SL6
SL6_03_G6	TL	$SL6
SL6_03_G7	TL	$SL6
SL6_03_G8	TL	$SL6
SL6_03_G9	TL	$SL6
SL6_03_H10	TL	$SL6
SL6_03_H11	TL	$SL6
SL6_03_H1	TL	$SL6
SL6_03_H2	TL	$SL6
SL6_03_H3	TL	$SL6
SL6_03_H4	TL	$SL6
SL6_03_H5	TL	$SL6
SL6_03_H6	TL	$SL6
SL6_03_H7	TL	$SL6
SL6_03_H8	TL	$SL6
SL6_03_H9	TL	$SL6
SL6_04_A10	TL	$SL6
SL6_04_A11	TL	$SL6
SL6_04_A12	TL	$SL6
SL6_04_A1	TL	$SL6
SL6_04_A2	TL	$SL6
SL6_04_A3	TL	$SL6
SL6_04_A4	TL	$SL6
SL6_04_A5	TL	$SL6
SL6_04_A6	TL	$SL6
SL6_04_A7	TL	$SL6
SL6_04_A8	TL	$SL6
SL6_04_A9	TL	$SL6
SL6_04_B10	TL	$SL6
SL6_04_B11	TL	$SL6
SL6_04_B12	TL	$SL6
SL6_04_B1	TL	$SL6
SL6_04_B2	TL	$SL6
SL6_04_B3	TL	$SL6
SL6_04_B4	TL	$SL6
SL6_04_B5	TL	$SL6
SL6_04_B6	TL	$SL6
SL6_04_B7	TL	$SL6
SL6_04_B8	TL	$SL6
SL6_04_B9	TL	$SL6
SL6_04_C10	TL	$SL6
SL6_04_C11	TL	$SL6
SL6_04_C12	TL	$SL6
SL6_04_C1	TL	$SL6
SL6_04_C2	TL	$SL6
SL6_04_C3	TL	$SL6
SL6_04_C4	TL	$SL6
SL6_04_C5	TL	$SL6
SL6_04_C6	TL	$SL6
SL6_04_C7	TL	$SL6
SL6_04_C8	TL	$SL6
SL6_04_C9	TL	$SL6
SL6_04_D10	TL	$SL6
SL6_04_D11	TL	$SL6
SL6_04_D12	TL	$SL6
SL6_04_D1	TL	$SL6
SL6_04_D2	TL	$SL6
SL6_04_D3	TL	$SL6
SL6_04_D4	TL	$SL6
SL6_04_D5	TL	$SL6
SL6_04_D6	TL	$SL6
SL6_04_D7	TL	$SL6
SL6_04_D8	TL	$SL6
SL6_04_D9	TL	$SL6
SL6_04_E10	TL	$SL6
SL6_04_E11	TL	$SL6
SL6_04_E12	TL	$SL6
SL6_04_E1	TL	$SL6
SL6_04_E2	TL	$SL6
SL6_04_E3	TL	$SL6
SL6_04_E4	TL	$SL6
SL6_04_E5	TL	$SL6
SL6_04_E6	TL	$SL6
SL6_04_E7	TL	$SL6
SL6_04_E8	TL	$SL6
SL6_04_E9	TL	$SL6
SL6_04_F10	TL	$SL6
SL6_04_F11	TL	$SL6
SL6_04_F12	TL	$SL6
SL6_04_F1	TL	$SL6
SL6_04_F2	TL	$SL6
SL6_04_F3	TL	$SL6
SL6_04_F4	TL	$SL6
SL6_04_F5	TL	$SL6
SL6_04_F6	TL	$SL6
SL6_04_F7	TL	$SL6
SL6_04_F8	TL	$SL6
SL6_04_F9	TL	$SL6
SL6_04_G10	TL	$SL6
SL6_04_G11	TL	$SL6
SL6_04_G12	TL	$SL6
SL6_04_G1	TL	$SL6
SL6_04_G2	TL	$SL6
SL6_04_G3	TL	$SL6
SL6_04_G4	TL	$SL6
SL6_04_G5	TL	$SL6
SL6_04_G6	TL	$SL6
SL6_04_G7	TL	$SL6
SL6_04_G8	TL	$SL6
SL6_04_G9	TL	$SL6
SL6_04_H10	TL	$SL6
SL6_04_H11	TL	$SL6
SL6_04_H1	TL	$SL6
SL6_04_H2	TL	$SL6
SL6_04_H3	TL	$SL6
SL6_04_H4	TL	$SL6
SL6_04_H5	TL	$SL6
SL6_04_H6	TL	$SL6
SL6_04_H7	TL	$SL6
SL6_04_H8	TL	$SL6
SL6_04_H9	TL	$SL6
SL6_05_A10	TL	$SL6
SL6_05_A11	TL	$SL6
SL6_05_A12	TL	$SL6
SL6_05_A1	TL	$SL6
SL6_05_A2	TL	$SL6
SL6_05_A3	TL	$SL6
SL6_05_A4	TL	$SL6
SL6_05_A5	TL	$SL6
SL6_05_A6	TL	$SL6
SL6_05_A7	TL	$SL6
SL6_05_A8	TL	$SL6
SL6_05_A9	TL	$SL6
SL6_05_B10	TL	$SL6
SL6_05_B11	TL	$SL6
SL6_05_B12	TL	$SL6
SL6_05_B1	TL	$SL6
SL6_05_B2	TL	$SL6
SL6_05_B3	TL	$SL6
SL6_05_B4	TL	$SL6
SL6_05_B5	TL	$SL6
SL6_05_B6	TL	$SL6
SL6_05_B7	TL	$SL6
SL6_05_B8	TL	$SL6
SL6_05_B9	TL	$SL6
SL6_05_C10	TL	$SL6
SL6_05_C11	TL	$SL6
SL6_05_C12	TL	$SL6
SL6_05_C1	TL	$SL6
SL6_05_C2	TL	$SL6
SL6_05_C3	TL	$SL6
SL6_05_C4	TL	$SL6
SL6_05_C5	TL	$SL6
SL6_05_C6	TL	$SL6
SL6_05_C7	TL	$SL6
SL6_05_C8	TL	$SL6
SL6_05_C9	TL	$SL6
SL6_05_D10	TL	$SL6
SL6_05_D11	TL	$SL6
SL6_05_D12	TL	$SL6
SL6_05_D1	TL	$SL6
SL6_05_D2	TL	$SL6
SL6_05_D3	TL	$SL6
SL6_05_D4	TL	$SL6
SL6_05_D5	TL	$SL6
SL6_05_D6	TL	$SL6
SL6_05_D7	TL	$SL6
SL6_05_D8	TL	$SL6
SL6_05_D9	TL	$SL6
SL6_05_E10	TL	$SL6
SL6_05_E11	TL	$SL6
SL6_05_E12	TL	$SL6
SL6_05_E1	TL	$SL6
SL6_05_E2	TL	$SL6
SL6_05_E3	TL	$SL6
SL6_05_E4	TL	$SL6
SL6_05_E5	TL	$SL6
SL6_05_E6	TL	$SL6
SL6_05_E7	TL	$SL6
SL6_05_E8	TL	$SL6
SL6_05_E9	TL	$SL6
SL6_05_F10	TL	$SL6
SL6_05_F11	TL	$SL6
SL6_05_F12	TL	$SL6
SL6_05_F1	TL	$SL6
SL6_05_F2	TL	$SL6
SL6_05_F3	TL	$SL6
SL6_05_F4	TL	$SL6
SL6_05_F5	TL	$SL6
SL6_05_F6	TL	$SL6
SL6_05_F7	TL	$SL6
SL6_05_F8	TL	$SL6
SL6_05_F9	TL	$SL6
SL6_05_G10	TL	$SL6
SL6_05_G11	TL	$SL6
SL6_05_G12	TL	$SL6
SL6_05_G1	TL	$SL6
SL6_05_G2	TL	$SL6
SL6_05_G3	TL	$SL6
SL6_05_G4	TL	$SL6
SL6_05_G5	TL	$SL6
SL6_05_G6	TL	$SL6
SL6_05_G7	TL	$SL6
SL6_05_G8	TL	$SL6
SL6_05_G9	TL	$SL6
SL6_05_H10	TL	$SL6
SL6_05_H11	TL	$SL6
SL6_05_H1	TL	$SL6
SL6_05_H2	TL	$SL6
SL6_05_H3	TL	$SL6
SL6_05_H4	TL	$SL6
SL6_05_H5	TL	$SL6
SL6_05_H6	TL	$SL6
SL6_05_H7	TL	$SL6
SL6_05_H8	TL	$SL6
SL6_05_H9	TL	$SL6
SL6_06_A10	TL	$SL6
SL6_06_A11	TL	$SL6
SL6_06_A12	TL	$SL6
SL6_06_A1	TL	$SL6
SL6_06_A2	TL	$SL6
SL6_06_A3	TL	$SL6
SL6_06_A4	TL	$SL6
SL6_06_A5	TL	$SL6
SL6_06_A6	TL	$SL6
SL6_06_A7	TL	$SL6
SL6_06_A8	TL	$SL6
SL6_06_A9	TL	$SL6
SL6_06_B10	TL	$SL6
SL6_06_B11	TL	$SL6
SL6_06_B12	TL	$SL6
SL6_06_B1	TL	$SL6
SL6_06_B2	TL	$SL6
SL6_06_B3	TL	$SL6
SL6_06_B4	TL	$SL6
SL6_06_B5	TL	$SL6
SL6_06_B6	TL	$SL6
SL6_06_B7	TL	$SL6
SL6_06_B8	TL	$SL6
SL6_06_B9	TL	$SL6
SL6_06_C10	TL	$SL6
SL6_06_C11	TL	$SL6
SL6_06_C12	TL	$SL6
SL6_06_C1	TL	$SL6
SL6_06_C2	TL	$SL6
SL6_06_C3	TL	$SL6
SL6_06_C4	TL	$SL6
SL6_06_C5	TL	$SL6
SL6_06_C6	TL	$SL6
SL6_06_C7	TL	$SL6
SL6_06_C8	TL	$SL6
SL6_06_C9	TL	$SL6
SL6_06_D10	TL	$SL6
SL6_06_D11	TL	$SL6
SL6_06_D12	TL	$SL6
SL6_06_D1	TL	$SL6
SL6_06_D2	TL	$SL6
SL6_06_D3	TL	$SL6
SL6_06_D4	TL	$SL6
SL6_06_D5	TL	$SL6
SL6_06_D6	TL	$SL6
SL6_06_D7	TL	$SL6
SL6_06_D8	TL	$SL6
SL6_06_D9	TL	$SL6
SL6_06_E10	TL	$SL6
SL6_06_E11	TL	$SL6
SL6_06_E12	TL	$SL6
SL6_06_E1	TL	$SL6
SL6_06_E2	TL	$SL6
SL6_06_E3	TL	$SL6
SL6_06_E4	TL	$SL6
SL6_06_E5	TL	$SL6
SL6_06_E6	TL	$SL6
SL6_06_E7	TL	$SL6
SL6_06_E8	TL	$SL6
SL6_06_E9	TL	$SL6
SL6_06_F10	TL	$SL6
SL6_06_F11	TL	$SL6
SL6_06_F12	TL	$SL6
SL6_06_F1	TL	$SL6
SL6_06_F2	TL	$SL6
SL6_06_F3	TL	$SL6
SL6_06_F4	TL	$SL6
SL6_06_F5	TL	$SL6
SL6_06_F6	TL	$SL6
SL6_06_F7	TL	$SL6
SL6_06_F8	TL	$SL6
SL6_06_F9	TL	$SL6
SL6_07_A10	TL	$SL6
SL6_07_A11	TL	$SL6
SL6_07_A12	TL	$SL6
SL6_07_A1	TL	$SL6
SL6_07_A2	TL	$SL6
SL6_07_A3	TL	$SL6
SL6_07_A4	TL	$SL6
SL6_07_A5	TL	$SL6
SL6_07_A6	TL	$SL6
SL6_07_A7	TL	$SL6
SL6_07_A8	TL	$SL6
SL6_07_A9	TL	$SL6
SL6_07_B10	TL	$SL6
SL6_07_B11	TL	$SL6
SL6_07_B12	TL	$SL6
SL6_07_B1	TL	$SL6
SL6_07_B2	TL	$SL6
SL6_07_B3	TL	$SL6
SL6_07_B4	TL	$SL6
SL6_07_B5	TL	$SL6
SL6_07_B6	TL	$SL6
SL6_07_B7	TL	$SL6
SL6_07_B8	TL	$SL6
SL6_07_B9	TL	$SL6
SL6_07_C10	TL	$SL6
SL6_07_C11	TL	$SL6
SL6_07_C12	TL	$SL6
SL6_07_C1	TL	$SL6
SL6_07_C2	TL	$SL6
SL6_07_C3	TL	$SL6
SL6_07_C4	TL	$SL6
SL6_07_C5	TL	$SL6
SL6_07_C6	TL	$SL6
SL6_07_C7	TL	$SL6
SL6_07_C8	TL	$SL6
SL6_07_C9	TL	$SL6
SL6_07_D10	TL	$SL6
SL6_07_D11	TL	$SL6
SL6_07_D12	TL	$SL6
SL6_07_D1	TL	$SL6
SL6_07_D2	TL	$SL6
SL6_07_D3	TL	$SL6
SL6_07_D4	TL	$SL6
SL6_07_D5	TL	$SL6
SL6_07_D6	TL	$SL6
SL6_07_D7	TL	$SL6
SL6_07_D8	TL	$SL6
SL6_07_D9	TL	$SL6
SL6_07_E10	TL	$SL6
SL6_07_E11	TL	$SL6
SL6_07_E12	TL	$SL6
SL6_07_E1	TL	$SL6
SL6_07_E2	TL	$SL6
SL6_07_E3	TL	$SL6
SL6_07_E4	TL	$SL6
SL6_07_E5	TL	$SL6
SL6_07_E6	TL	$SL6
SL6_07_E7	TL	$SL6
SL6_07_E8	TL	$SL6
SL6_07_E9	TL	$SL6
SL6_07_F10	TL	$SL6
SL6_07_F11	TL	$SL6
SL6_07_F12	TL	$SL6
SL6_07_F1	TL	$SL6
SL6_07_F2	TL	$SL6
SL6_07_F3	TL	$SL6
SL6_07_F4	TL	$SL6
SL6_07_F5	TL	$SL6
SL6_07_F6	TL	$SL6
SL6_07_F7	TL	$SL6
SL6_07_F8	TL	$SL6
SL6_07_F9	TL	$SL6
SL6_07_G10	TL	$SL6
SL6_07_G11	TL	$SL6
SL6_07_G12	TL	$SL6
SL6_07_G1	TL	$SL6
SL6_07_G2	TL	$SL6
SL6_07_G3	TL	$SL6
SL6_07_G4	TL	$SL6
SL6_07_G5	TL	$SL6
SL6_07_G6	TL	$SL6
SL6_07_G7	TL	$SL6
SL6_07_G8	TL	$SL6
SL6_07_G9	TL	$SL6
SL6_07_H10	TL	$SL6
SL6_07_H11	TL	$SL6
SL6_07_H1	TL	$SL6
SL6_07_H2	TL	$SL6
SL6_07_H3	TL	$SL6
SL6_07_H4	TL	$SL6
SL6_07_H5	TL	$SL6
SL6_07_H6	TL	$SL6
SL6_07_H7	TL	$SL6
SL6_07_H8	TL	$SL6
SL6_07_H9	TL	$SL6
SL6_08_A10	TL	$SL6
SL6_08_A11	TL	$SL6
SL6_08_A12	TL	$SL6
SL6_08_A1	TL	$SL6
SL6_08_A2	TL	$SL6
SL6_08_A3	TL	$SL6
SL6_08_A4	TL	$SL6
SL6_08_A5	TL	$SL6
SL6_08_A6	TL	$SL6
SL6_08_A7	TL	$SL6
SL6_08_A8	TL	$SL6
SL6_08_A9	TL	$SL6
SL6_08_B10	TL	$SL6
SL6_08_B11	TL	$SL6
SL6_08_B12	TL	$SL6
SL6_08_B1	TL	$SL6
SL6_08_B2	TL	$SL6
SL6_08_B3	TL	$SL6
SL6_08_B4	TL	$SL6
SL6_08_B5	TL	$SL6
SL6_08_B6	TL	$SL6
SL6_08_B7	TL	$SL6
SL6_08_B8	TL	$SL6
SL6_08_B9	TL	$SL6
SL6_08_C10	TL	$SL6
SL6_08_C11	TL	$SL6
SL6_08_C12	TL	$SL6
SL6_08_C1	TL	$SL6
SL6_08_C2	TL	$SL6
SL6_08_C3	TL	$SL6
SL6_08_C4	TL	$SL6
SL6_08_C5	TL	$SL6
SL6_08_C6	TL	$SL6
SL6_08_C7	TL	$SL6
SL6_08_C8	TL	$SL6
SL6_08_C9	TL	$SL6
SL6_08_D10	TL	$SL6
SL6_08_D11	TL	$SL6
SL6_08_D12	TL	$SL6
SL6_08_D2	TL	$SL6
SL6_08_D3	TL	$SL6
SL6_08_D4	TL	$SL6
SL6_08_D5	TL	$SL6
SL6_08_D6	TL	$SL6
SL6_08_D7	TL	$SL6
SL6_08_D8	TL	$SL6
SL6_08_D9	TL	$SL6
SL6_08_E10	TL	$SL6
SL6_08_E11	TL	$SL6
SL6_08_E12	TL	$SL6
SL6_08_E1	TL	$SL6
SL6_08_E2	TL	$SL6
SL6_08_E3	TL	$SL6
SL6_08_E4	TL	$SL6
SL6_08_E5	TL	$SL6
SL6_08_E6	TL	$SL6
SL6_08_E7	TL	$SL6
SL6_08_E8	TL	$SL6
SL6_08_E9	TL	$SL6
SL6_08_F10	TL	$SL6
SL6_08_F11	TL	$SL6
SL6_08_F12	TL	$SL6
SL6_08_F1	TL	$SL6
SL6_08_F2	TL	$SL6
SL6_08_F3	TL	$SL6
SL6_08_F4	TL	$SL6
SL6_08_F5	TL	$SL6
SL6_08_F6	TL	$SL6
SL6_08_F7	TL	$SL6
SL6_08_F8	TL	$SL6
SL6_08_F9	TL	$SL6
SL6_08_G10	TL	$SL6
SL6_08_G11	TL	$SL6
SL6_08_G12	TL	$SL6
SL6_08_G1	TL	$SL6
SL6_08_G2	TL	$SL6
SL6_08_G3	TL	$SL6
SL6_08_G4	TL	$SL6
SL6_08_G5	TL	$SL6
SL6_08_G6	TL	$SL6
SL6_08_G7	TL	$SL6
SL6_08_G8	TL	$SL6
SL6_08_G9	TL	$SL6
SL6_08_H10	TL	$SL6
SL6_08_H11	TL	$SL6
SL6_08_H1	TL	$SL6
SL6_08_H2	TL	$SL6
SL6_08_H3	TL	$SL6
SL6_08_H4	TL	$SL6
SL6_08_H5	TL	$SL6
SL6_08_H6	TL	$SL6
SL6_08_H7	TL	$SL6
SL6_08_H8	TL	$SL6
SL6_08_H9	TL	$SL6
SL6_09_A10	TL	$SL6
SL6_09_A11	TL	$SL6
SL6_09_A12	TL	$SL6
SL6_09_A1	TL	$SL6
SL6_09_A2	TL	$SL6
SL6_09_A3	TL	$SL6
SL6_09_A4	TL	$SL6
SL6_09_A5	TL	$SL6
SL6_09_A6	TL	$SL6
SL6_09_A7	TL	$SL6
SL6_09_A8	TL	$SL6
SL6_09_A9	TL	$SL6
SL6_09_B10	TL	$SL6
SL6_09_B11	TL	$SL6
SL6_09_B12	TL	$SL6
SL6_09_B1	TL	$SL6
SL6_09_B2	TL	$SL6
SL6_09_B3	TL	$SL6
SL6_09_B4	TL	$SL6
SL6_09_B5	TL	$SL6
SL6_09_B6	TL	$SL6
SL6_09_B7	TL	$SL6
SL6_09_B8	TL	$SL6
SL6_09_B9	TL	$SL6
SL6_09_C10	TL	$SL6
SL6_09_C11	TL	$SL6
SL6_09_C12	TL	$SL6
SL6_09_C1	TL	$SL6
SL6_09_C2	TL	$SL6
SL6_09_C3	TL	$SL6
SL6_09_C4	TL	$SL6
SL6_09_C5	TL	$SL6
SL6_09_C6	TL	$SL6
SL6_09_C7	TL	$SL6
SL6_09_C8	TL	$SL6
SL6_09_C9	TL	$SL6
SL6_09_D10	TL	$SL6
SL6_09_D11	TL	$SL6
SL6_09_D12	TL	$SL6
SL6_09_D1	TL	$SL6
SL6_09_D2	TL	$SL6
SL6_09_D3	TL	$SL6
SL6_09_D4	TL	$SL6
SL6_09_D5	TL	$SL6
SL6_09_D6	TL	$SL6
SL6_09_D7	TL	$SL6
SL6_09_D8	TL	$SL6
SL6_09_D9	TL	$SL6
SL6_09_E10	TL	$SL6
SL6_09_E11	TL	$SL6
SL6_09_E12	TL	$SL6
SL6_09_E1	TL	$SL6
SL6_09_E2	TL	$SL6
SL6_09_E3	TL	$SL6
SL6_09_E4	TL	$SL6
SL6_09_E5	TL	$SL6
SL6_09_E6	TL	$SL6
SL6_09_E7	TL	$SL6
SL6_09_E8	TL	$SL6
SL6_09_E9	TL	$SL6
SL6_09_F10	TL	$SL6
SL6_09_F11	TL	$SL6
SL6_09_F12	TL	$SL6
SL6_09_F1	TL	$SL6
SL6_09_F2	TL	$SL6
SL6_09_F3	TL	$SL6
SL6_09_F4	TL	$SL6
SL6_09_F5	TL	$SL6
SL6_09_F6	TL	$SL6
SL6_09_F7	TL	$SL6
SL6_09_F8	TL	$SL6
SL6_09_F9	TL	$SL6
SL6_09_G10	TL	$SL6
SL6_09_G11	TL	$SL6
SL6_09_G12	TL	$SL6
SL6_09_G1	TL	$SL6
SL6_09_G2	TL	$SL6
SL6_09_G3	TL	$SL6
SL6_09_G4	TL	$SL6
SL6_09_G5	TL	$SL6
SL6_09_G6	TL	$SL6
SL6_09_G7	TL	$SL6
SL6_09_G8	TL	$SL6
SL6_09_G9	TL	$SL6
SL6_09_H10	TL	$SL6
SL6_09_H11	TL	$SL6
SL6_09_H1	TL	$SL6
SL6_09_H2	TL	$SL6
SL6_09_H3	TL	$SL6
SL6_09_H4	TL	$SL6
SL6_09_H5	TL	$SL6
SL6_09_H6	TL	$SL6
SL6_09_H7	TL	$SL6
SL6_09_H8	TL	$SL6
SL6_09_H9	TL	$SL6
SL6_10_A10	TL	$SL6
SL6_10_A11	TL	$SL6
SL6_10_A12	TL	$SL6
SL6_10_A1	TL	$SL6
SL6_10_A2	TL	$SL6
SL6_10_A3	TL	$SL6
SL6_10_A4	TL	$SL6
SL6_10_A5	TL	$SL6
SL6_10_A6	TL	$SL6
SL6_10_A7	TL	$SL6
SL6_10_A8	TL	$SL6
SL6_10_A9	TL	$SL6
SL6_10_B10	TL	$SL6
SL6_10_B11	TL	$SL6
SL6_10_B12	TL	$SL6
SL6_10_B1	TL	$SL6
SL6_10_B2	TL	$SL6
SL6_10_B3	TL	$SL6
SL6_10_B4	TL	$SL6
SL6_10_B5	TL	$SL6
SL6_10_B6	TL	$SL6
SL6_10_B7	TL	$SL6
SL6_10_B8	TL	$SL6
SL6_10_B9	TL	$SL6
SL6_10_C10	TL	$SL6
SL6_10_C11	TL	$SL6
SL6_10_C12	TL	$SL6
SL6_10_C1	TL	$SL6
SL6_10_C2	TL	$SL6
SL6_10_C3	TL	$SL6
SL6_10_C4	TL	$SL6
SL6_10_C5	TL	$SL6
SL6_10_C6	TL	$SL6
SL6_10_C7	TL	$SL6
SL6_10_C8	TL	$SL6
SL6_10_C9	TL	$SL6
SL6_10_D10	TL	$SL6
SL6_10_D11	TL	$SL6
SL6_10_D12	TL	$SL6
SL6_10_D1	TL	$SL6
SL6_10_D2	TL	$SL6
SL6_10_D3	TL	$SL6
SL6_10_D4	TL	$SL6
SL6_10_D5	TL	$SL6
SL6_10_D6	TL	$SL6
SL6_10_D7	TL	$SL6
SL6_10_D8	TL	$SL6
SL6_10_D9	TL	$SL6
SL6_10_E10	TL	$SL6
SL6_10_E11	TL	$SL6
SL6_10_E12	TL	$SL6
SL6_10_E1	TL	$SL6
SL6_10_E2	TL	$SL6
SL6_10_E3	TL	$SL6
SL6_10_E4	TL	$SL6
SL6_10_E5	TL	$SL6
SL6_10_E6	TL	$SL6
SL6_10_E7	TL	$SL6
SL6_10_E8	TL	$SL6
SL6_10_E9	TL	$SL6
SL6_10_F10	TL	$SL6
SL6_10_F11	TL	$SL6
SL6_10_F12	TL	$SL6
SL6_10_F1	TL	$SL6
SL6_10_F2	TL	$SL6
SL6_10_F3	TL	$SL6
SL6_10_F4	TL	$SL6
SL6_10_F5	TL	$SL6
SL6_10_F6	TL	$SL6
SL6_10_F7	TL	$SL6
SL6_10_F8	TL	$SL6
SL6_10_F9	TL	$SL6
SL6_10_G10	TL	$SL6
SL6_10_G11	TL	$SL6
SL6_10_G12	TL	$SL6
SL6_10_G1	TL	$SL6
SL6_10_G2	TL	$SL6
SL6_10_G3	TL	$SL6
SL6_10_G4	TL	$SL6
SL6_10_G5	TL	$SL6
SL6_10_G6	TL	$SL6
SL6_10_G7	TL	$SL6
SL6_10_G8	TL	$SL6
SL6_10_G9	TL	$SL6
SL6_10_H10	TL	$SL6
SL6_10_H11	TL	$SL6
SL6_10_H1	TL	$SL6
SL6_10_H2	TL	$SL6
SL6_10_H3	TL	$SL6
SL6_10_H4	TL	$SL6
SL6_10_H5	TL	$SL6
SL6_10_H6	TL	$SL6
SL6_10_H7	TL	$SL6
SL6_10_H8	TL	$SL6
SL6_10_H9	TL	$SL6
SL6_11_A1	TL	$SL6
SL6_11_A2	TL	$SL6
SL6_11_A3	TL	$SL6
SL6_11_A9	TL	$SL6
SL6_11_B1	TL	$SL6
SL6_11_B6	TL	$SL6
SL6_11_B7	TL	$SL6
SL6_11_B9	TL	$SL6
SL6_11_C12	TL	$SL6
SL6_11_C1	TL	$SL6
SL6_11_C5	TL	$SL6
SL6_11_C8	TL	$SL6
SL6_11_E12	TL	$SL6
SL6_11_E4	TL	$SL6
SL6_11_F10	TL	$SL6
SL6_11_F12	TL	$SL6
SL6_12_A10	TL	$SL6
SL6_12_A11	TL	$SL6
SL6_12_A12	TL	$SL6
SL6_12_A1	TL	$SL6
SL6_12_A2	TL	$SL6
SL6_12_A3	TL	$SL6
SL6_12_A4	TL	$SL6
SL6_12_A5	TL	$SL6
SL6_12_A6	TL	$SL6
SL6_12_A7	TL	$SL6
SL6_12_A8	TL	$SL6
SL6_12_A9	TL	$SL6
SL6_12_B10	TL	$SL6
SL6_12_B11	TL	$SL6
SL6_12_B12	TL	$SL6
SL6_12_B1	TL	$SL6
SL6_12_B2	TL	$SL6
SL6_12_B3	TL	$SL6
SL6_12_B4	TL	$SL6
SL6_12_B5	TL	$SL6
SL6_12_B6	TL	$SL6
SL6_12_B7	TL	$SL6
SL6_12_B8	TL	$SL6
SL6_12_B9	TL	$SL6
SL6_12_C10	TL	$SL6
SL6_12_C11	TL	$SL6
SL6_12_C12	TL	$SL6
SL6_12_C1	TL	$SL6
SL6_12_C2	TL	$SL6
SL6_12_C3	TL	$SL6
SL6_12_C4	TL	$SL6
SL6_12_C5	TL	$SL6
SL6_12_C6	TL	$SL6
SL6_12_C7	TL	$SL6
SL6_12_C8	TL	$SL6
SL6_12_C9	TL	$SL6
SL6_12_D10	TL	$SL6
SL6_12_D11	TL	$SL6
SL6_12_D12	TL	$SL6
SL6_12_D1	TL	$SL6
SL6_12_D2	TL	$SL6
SL6_12_D3	TL	$SL6
SL6_12_D4	TL	$SL6
SL6_12_D5	TL	$SL6
SL6_12_D6	TL	$SL6
SL6_12_D7	TL	$SL6
SL6_12_D8	TL	$SL6
SL6_12_D9	TL	$SL6
SL6_148_B1	TL	$SL6
SL6_149_B2	TL	$SL6
SL6_150_B3	TL	$SL6
SL6_151_B4	TL	$SL6
SL6_152_B5	TL	$SL6
SL6_153_B6	TL	$SL6
SL6_154_B7	TL	$SL6
SL6_155_B8	TL	$SL6
SL6_156_B9	TL	$SL6
SL6_157_B10	TL	$SL6
SL6_158_B11	TL	$SL6
SL6_159_B12	TL	$SL6
SL6_160_C1	TL	$SL6
SL6_161_C2	TL	$SL6
SL6_162_C3	TL	$SL6
SL6_163_C4	TL	$SL6
SL6_SL4_11_E10	TL	SL4
SL6_SL4_11_E11	TL	SL4
SL6_SL4_11_E12	TL	SL4
SL6_SL4_11_E1	TL	SL4
SL6_SL4_11_E2	TL	SL4
SL6_SL4_11_E3	TL	SL4
SL6_SL4_11_E4	TL	SL4
SL6_SL4_11_E5	TL	SL4
SL6_SL4_11_E6	TL	SL4
SL6_SL4_11_E7	TL	SL4
SL6_SL4_11_E8	TL	SL4
SL6_SL4_11_E9	TL	SL4
SL6_SL4_11_F1	TL	SL4
SL6_SL4_11_F2	TL	SL4
SL6_SL4_11_F3	TL	SL4
SL6_SL4_11_F4	TL	SL4
SL7_01_C10	TL	SL7
SL7_01_C11	TL	SL7
SL7_01_C12	TL	SL7
SL7_01_C5	TL	SL7
SL7_01_C6	TL	SL7
SL7_01_C7	TL	SL7
SL7_01_C8	TL	SL7
SL7_01_C9	TL	SL7
SL7_01_D10	TL	SL7
SL7_01_D11	TL	SL7
SL7_01_D12	TL	SL7
SL7_01_D1	TL	SL7
SL7_01_D2	TL	SL7
SL7_01_D3	TL	SL7
SL7_01_D4	TL	SL7
SL7_01_D5	TL	SL7
SL7_01_D6	TL	SL7
SL7_01_D7	TL	SL7
SL7_01_D8	TL	SL7
SL7_01_D9	TL	SL7
SL7_01_E10	TL	SL7
SL7_01_E11	TL	SL7
SL7_01_E12	TL	SL7
SL7_01_E1	TL	SL7
SL7_01_E2	TL	SL7
SL7_01_E3	TL	SL7
SL7_01_E4	TL	SL7
SL7_01_E5	TL	SL7
SL7_01_E6	TL	SL7
SL7_01_E7	TL	SL7
SL7_01_E8	TL	SL7
SL7_01_E9	TL	SL7
SL7_01_F10	TL	SL7
SL7_01_F11	TL	SL7
SL7_01_F12	TL	SL7
SL7_01_F1	TL	SL7
SL7_01_F2	TL	SL7
SL7_01_F3	TL	SL7
SL7_01_F4	TL	SL7
SL7_01_F5	TL	SL7
SL7_01_F6	TL	SL7
SL7_01_F7	TL	SL7
SL7_01_F8	TL	SL7
SL7_01_F9	TL	SL7
SL7_01_G10	TL	SL7
SL7_01_G11	TL	SL7
SL7_01_G12	TL	SL7
SL7_01_G1	TL	SL7
SL7_01_G2	TL	SL7
SL7_01_G3	TL	SL7
SL7_01_G4	TL	SL7
SL7_01_G5	TL	SL7
SL7_01_G6	TL	SL7
SL7_01_G7	TL	SL7
SL7_01_G8	TL	SL7
SL7_01_G9	TL	SL7
SL7_01_H10	TL	SL7
SL7_01_H11	TL	SL7
SL7_01_H1	TL	SL7
SL7_01_H2	TL	SL7
SL7_01_H3	TL	SL7
SL7_01_H4	TL	SL7
SL7_01_H5	TL	SL7
SL7_01_H6	TL	SL7
SL7_01_H7	TL	SL7
SL7_01_H8	TL	SL7
SL7_01_H9	TL	SL7
SL7_02_A10	TL	SL7
SL7_02_A11	TL	SL7
SL7_02_A12	TL	SL7
SL7_02_A1	TL	SL7
SL7_02_A2	TL	SL7
SL7_02_A3	TL	SL7
SL7_02_A4	TL	SL7
SL7_02_A5	TL	SL7
SL7_02_A6	TL	SL7
SL7_02_A7	TL	SL7
SL7_02_A8	TL	SL7
SL7_02_A9	TL	SL7
SL7_02_B10	TL	SL7
SL7_02_B11	TL	SL7
SL7_02_B12	TL	SL7
SL7_02_B1	TL	SL7
SL7_02_B2	TL	SL7
SL7_02_B3	TL	SL7
SL7_02_B4	TL	SL7
SL7_02_B5	TL	SL7
SL7_02_B6	TL	SL7
SL7_02_B7	TL	SL7
SL7_02_B8	TL	SL7
SL7_02_B9	TL	SL7
SL7_02_C10	TL	SL7
SL7_02_C11	TL	SL7
SL7_02_C12	TL	SL7
SL7_02_C1	TL	SL7
SL7_02_C2	TL	SL7
SL7_02_C3	TL	SL7
SL7_02_C4	TL	SL7
SL7_02_C5	TL	SL7
SL7_02_C6	TL	SL7
SL7_02_C7	TL	SL7
SL7_02_C8	TL	SL7
SL7_02_C9	TL	SL7
SL7_02_D10	TL	SL7
SL7_02_D11	TL	SL7
SL7_02_D12	TL	SL7
SL7_02_D1	TL	SL7
SL7_02_D2	TL	SL7
SL7_02_D3	TL	SL7
SL7_02_D4	TL	SL7
SL7_02_D5	TL	SL7
SL7_02_D6	TL	SL7
SL7_02_D7	TL	SL7
SL7_02_D8	TL	SL7
SL7_02_D9	TL	SL7
SL7_02_E10	TL	SL7
SL7_02_E11	TL	SL7
SL7_02_E12	TL	SL7
SL7_02_E1	TL	SL7
SL7_02_E2	TL	SL7
SL7_02_E3	TL	SL7
SL7_02_E4	TL	SL7
SL7_02_E5	TL	SL7
SL7_02_E6	TL	SL7
SL7_02_E7	TL	SL7
SL7_02_E8	TL	SL7
SL7_02_E9	TL	SL7
SL7_02_F10	TL	SL7
SL7_02_F11	TL	SL7
SL7_02_F12	TL	SL7
SL7_02_F1	TL	SL7
SL7_02_F2	TL	SL7
SL7_02_F3	TL	SL7
SL7_02_F4	TL	SL7
SL7_02_F5	TL	SL7
SL7_02_F6	TL	SL7
SL7_02_F7	TL	SL7
SL7_02_F8	TL	SL7
SL7_02_F9	TL	SL7
SL7_02_G10	TL	SL7
SL7_02_G11	TL	SL7
SL7_02_G12	TL	SL7
SL7_02_G1	TL	SL7
SL7_02_G2	TL	SL7
SL7_02_G3	TL	SL7
SL7_02_G4	TL	SL7
SL7_02_G5	TL	SL7
SL7_02_G6	TL	SL7
SL7_02_G7	TL	SL7
SL7_02_G8	TL	SL7
SL7_02_G9	TL	SL7
SL7_02_H10	TL	SL7
SL7_02_H11	TL	SL7
SL7_02_H1	TL	SL7
SL7_02_H2	TL	SL7
SL7_02_H3	TL	SL7
SL7_02_H4	TL	SL7
SL7_02_H5	TL	SL7
SL7_02_H6	TL	SL7
SL7_02_H7	TL	SL7
SL7_02_H8	TL	SL7
SL7_02_H9	TL	SL7
SL7_03_A10	TL	SL7
SL7_03_A11	TL	SL7
SL7_03_A3	TL	SL7
SL7_03_A4	TL	SL7
SL7_03_A5	TL	SL7
SL7_03_A6	TL	SL7
SL7_03_A7	TL	SL7
SL7_03_A8	TL	SL7
SL7_03_A9	TL	SL7
SL7_03_B11	TL	SL7
SL7_03_B12	TL	SL7
SL7_03_B1	TL	SL7
SL7_03_B5	TL	SL7
SL7_03_B7	TL	SL7
SL7_03_B8	TL	SL7
SL7_03_B9	TL	SL7
SL7_03_C12	TL	SL7
SL7_03_C2	TL	SL7
SL7_03_C3	TL	SL7
SL7_03_C5	TL	SL7
SL7_03_C7	TL	SL7
SL7_03_C8	TL	SL7
SL7_03_C9	TL	SL7
SL7_03_D1	TL	SL7
SL7_03_D2	TL	SL7
SL7_03_D3	TL	SL7
SL7_03_D6	TL	SL7
SL7_03_D9	TL	SL7
SL7_03_E11	TL	SL7
SL7_03_E1	TL	SL7
SL7_03_E3	TL	SL7
SL7_03_E4	TL	SL7
SL7_03_E7	TL	SL7
SL7_03_E8	TL	SL7
SL7_03_E9	TL	SL7
SL7_03_F12	TL	SL7
SL7_03_F2	TL	SL7
SL7_03_F5	TL	SL7
SL7_03_F6	TL	SL7
SL7_03_F7	TL	SL7
SL7_03_F8	TL	SL7
SL7_03_F9	TL	SL7
SL7_03_G11	TL	SL7
SL7_03_G1	TL	SL7
SL7_03_G3	TL	SL7
SL7_03_G4	TL	SL7
SL7_03_G6	TL	SL7
SL7_03_G7	TL	SL7
SL7_03_G8	TL	SL7
SL7_03_G9	TL	SL7
SL7_03_H1	TL	SL7
SL7_03_H5	TL	SL7
SL7_03_H6	TL	SL7
SL7_03_H8	TL	SL7
SL7_03_H9	TL	SL7
SL7_04_A10	TL	SL7
SL7_04_A11	TL	SL7
SL7_04_A12	TL	SL7
SL7_04_A1	TL	SL7
SL7_04_A2	TL	SL7
SL7_04_A3	TL	SL7
SL7_04_A4	TL	SL7
SL7_04_A5	TL	SL7
SL7_04_A7	TL	SL7
SL7_04_A8	TL	SL7
SL7_04_A9	TL	SL7
SL7_04_B10	TL	SL7
SL7_04_B11	TL	SL7
SL7_04_B12	TL	SL7
SL7_04_B1	TL	SL7
SL7_04_B2	TL	SL7
SL7_04_B3	TL	SL7
SL7_04_B4	TL	SL7
SL7_04_B5	TL	SL7
SL7_04_B6	TL	SL7
SL7_04_B7	TL	SL7
SL7_04_B8	TL	SL7
SL7_04_B9	TL	SL7
SL7_04_C10	TL	SL7
SL7_04_C11	TL	SL7
SL7_04_C12	TL	SL7
SL7_04_C1	TL	SL7
SL7_04_C2	TL	SL7
SL7_04_C3	TL	SL7
SL7_04_C4	TL	SL7
SL7_04_C5	TL	SL7
SL7_04_C6	TL	SL7
SL7_04_C7	TL	SL7
SL7_04_C8	TL	SL7
SL7_04_C9	TL	SL7
SL7_04_D10	TL	SL7
SL7_04_D11	TL	SL7
SL7_04_D12	TL	SL7
SL7_04_D1	TL	SL7
SL7_04_D2	TL	SL7
SL7_04_D3	TL	SL7
SL7_04_D4	TL	SL7
SL7_04_D6	TL	SL7
SL7_04_D7	TL	SL7
SL7_04_D8	TL	SL7
SL7_04_D9	TL	SL7
SL7_04_E10	TL	SL7
SL7_04_E11	TL	SL7
SL7_04_E12	TL	SL7
SL7_04_E1	TL	SL7
SL7_04_E2	TL	SL7
SL7_04_E3	TL	SL7
SL7_04_E4	TL	SL7
SL7_04_E5	TL	SL7
SL7_04_E6	TL	SL7
SL7_04_E7	TL	SL7
SL7_04_E8	TL	SL7
SL7_04_E9	TL	SL7
SL7_04_F10	TL	SL7
SL7_04_F11	TL	SL7
SL7_04_F12	TL	SL7
SL7_04_F1	TL	SL7
SL7_04_F2	TL	SL7
SL7_04_F3	TL	SL7
SL7_04_F4	TL	SL7
SL7_04_F5	TL	SL7
SL7_04_F6	TL	SL7
SL7_04_F7	TL	SL7
SL7_04_F8	TL	SL7
SL7_04_F9	TL	SL7
SL7_04_G1	TL	SL7
SL7_04_G2	TL	SL7
SL7_04_G3	TL	SL7
SL7_04_G4	TL	SL7
SL7_04_G5	TL	SL7
SL7_04_G6	TL	SL7
SL7_04_G7	TL	SL7
SL7_05_A10	TL	SL7
SL7_05_A11	TL	SL7
SL7_05_A12	TL	SL7
SL7_05_A1	TL	SL7
SL7_05_A2	TL	SL7
SL7_05_A3	TL	SL7
SL7_05_A4	TL	SL7
SL7_05_A5	TL	SL7
SL7_05_A6	TL	SL7
SL7_05_A7	TL	SL7
SL7_05_A8	TL	SL7
SL7_05_A9	TL	SL7
SL7_05_B10	TL	SL7
SL7_05_B11	TL	SL7
SL7_05_B12	TL	SL7
SL7_05_B1	TL	SL7
SL7_05_B2	TL	SL7
SL7_05_B3	TL	SL7
SL7_05_B4	TL	SL7
SL7_05_B5	TL	SL7
SL7_05_B6	TL	SL7
SL7_05_B7	TL	SL7
SL7_05_B8	TL	SL7
SL7_05_B9	TL	SL7
SL7_05_C10	TL	SL7
SL7_05_C11	TL	SL7
SL7_05_C12	TL	SL7
SL7_05_C1	TL	SL7
SL7_05_C2	TL	SL7
SL7_05_C3	TL	SL7
SL7_05_C4	TL	SL7
SL7_05_C5	TL	SL7
SL7_05_C6	TL	SL7
SL7_05_C7	TL	SL7
SL7_05_C9	TL	SL7
SL7_05_D10	TL	SL7
SL7_05_D11	TL	SL7
SL7_05_D12	TL	SL7
SL7_05_D1	TL	SL7
SL7_05_D2	TL	SL7
SL7_05_D3	TL	SL7
SL7_05_D4	TL	SL7
SL7_05_D5	TL	SL7
SL7_05_D6	TL	SL7
SL7_05_D7	TL	SL7
SL7_05_D8	TL	SL7
SL7_05_D9	TL	SL7
SL7_05_E10	TL	SL7
SL7_05_E11	TL	SL7
SL7_05_E12	TL	SL7
SL7_05_E1	TL	SL7
SL7_05_E2	TL	SL7
SL7_05_E3	TL	SL7
SL7_05_E4	TL	SL7
SL7_05_E5	TL	SL7
SL7_05_E6	TL	SL7
SL7_05_E7	TL	SL7
SL7_05_E8	TL	SL7
SL7_05_E9	TL	SL7
SL7_05_F10	TL	SL7
SL7_05_F11	TL	SL7
SL7_05_F12	TL	SL7
SL7_05_F1	TL	SL7
SL7_05_F2	TL	SL7
SL7_05_F3	TL	SL7
SL7_05_F4	TL	SL7
SL7_05_F5	TL	SL7
SL7_05_F6	TL	SL7
SL7_05_F7	TL	SL7
SL7_05_F8	TL	SL7
SL7_05_F9	TL	SL7
SL7_05_G10	TL	SL7
SL7_05_G11	TL	SL7
SL7_05_G12	TL	SL7
SL7_05_G1	TL	SL7
SL7_05_G2	TL	SL7
SL7_05_G3	TL	SL7
SL7_05_G4	TL	SL7
SL7_05_G5	TL	SL7
SL7_05_G6	TL	SL7
SL7_05_G7	TL	SL7
SL7_05_G8	TL	SL7
SL7_05_G9	TL	SL7
SL7_05_H10	TL	SL7
SL7_05_H1	TL	SL7
SL7_05_H2	TL	SL7
SL7_05_H3	TL	SL7
SL7_05_H4	TL	SL7
SL7_05_H5	TL	SL7
SL7_05_H6	TL	SL7
SL7_05_H7	TL	SL7
SL7_05_H8	TL	SL7
SL7_05_H9	TL	SL7
SL7_06_A10	TL	SL7
SL7_06_A11	TL	SL7
SL7_06_A12	TL	SL7
SL7_06_A1	TL	SL7
SL7_06_A2	TL	SL7
SL7_06_A3	TL	SL7
SL7_06_A4	TL	SL7
SL7_06_A5	TL	SL7
SL7_06_A6	TL	SL7
SL7_06_A7	TL	SL7
SL7_06_A8	TL	SL7
SL7_06_A9	TL	SL7
SL7_06_B10	TL	SL7
SL7_06_B11	TL	SL7
SL7_06_B1	TL	SL7
SL7_06_B2	TL	SL7
SL7_06_B3	TL	SL7
SL7_06_B4	TL	SL7
SL7_06_B5	TL	SL7
SL7_06_B6	TL	SL7
SL7_06_B7	TL	SL7
SL7_06_B8	TL	SL7
SL7_06_B9	TL	SL7
SL7_06_C10	TL	SL7
SL7_06_C11	TL	SL7
SL7_06_C1	TL	SL7
SL7_06_C2	TL	SL7
SL7_06_C3	TL	SL7
SL7_06_C4	TL	SL7
SL7_06_C5	TL	SL7
SL7_06_C6	TL	SL7
SL7_06_C7	TL	SL7
SL7_06_C8	TL	SL7
SL7_06_C9	TL	SL7
SL7_06_D10	TL	SL7
SL7_06_D11	TL	SL7
SL7_06_D1	TL	SL7
SL7_06_D2	TL	SL7
SL7_06_D3	TL	SL7
SL7_06_D4	TL	SL7
SL7_06_D5	TL	SL7
SL7_06_D6	TL	SL7
SL7_06_D7	TL	SL7
SL7_06_D8	TL	SL7
SL7_06_D9	TL	SL7
SL7_06_E10	TL	SL7
SL7_06_E11	TL	SL7
SL7_06_E1	TL	SL7
SL7_06_E2	TL	SL7
SL7_06_E3	TL	SL7
SL7_06_E4	TL	SL7
SL7_06_E5	TL	SL7
SL7_06_E6	TL	SL7
SL7_06_E7	TL	SL7
SL7_06_E8	TL	SL7
SL7_06_E9	TL	SL7
SL7_T_G10	TL	SL7
SL7_T_G11	TL	SL7
SL7_T_G12	TL	SL7
SL7_T_G1	TL	SL7
SL7_T_G2	TL	SL7
SL7_T_G3	TL	SL7
SL7_T_G4	TL	SL7
SL7_T_G5	TL	SL7
SL7_T_G6	TL	SL7
SL7_T_G7	TL	SL7
SL7_T_G8	TL	SL7
SL7_T_G9	TL	SL7
SL7_T_H10	TL	SL7
SL7_T_H11	TL	SL7
SL7_T_H12	TL	SL7
SL7_T_H1	TL	SL7
SL7_T_H2	TL	SL7
SL7_T_H3	TL	SL7
SL7_T_H4	TL	SL7
SL7_T_H5	TL	SL7
SL7_T_H6	TL	SL7
SL7_T_H7	TL	SL7
SL7_T_H8	TL	SL7
SL7_T_H9	TL	SL7
T_LF_sa_1	TL	-
T_LF_sa_2	TL	-
T_LF_sa_3	TL	-
T_LF_sa_4	TL	-
T_LF_ZIRC_1	TL	-
T_LF_ZIRC_2	TL	-
T_LF_ZIRC_3	TL	-
T_LF_ZIRC_4	TL	-
Tu_sa_1	TU	-
Tu_sa_2	TU	-
Tu_sa_3	TU	-
Tu_sa_4	TU	-
Tu_ZIRC_1	TU	-
Tu_ZIRC_2	TU	-
Tu_ZIRC_3	TU	-
Tu_ZIRC_4	TU	-
WIK_F_6	WIK	-
WIK_M_3	WIK	-
WIK_sa_1	WIK	-
WIK_sa_2	WIK	-
WIK_sa_3	WIK	-
WIK_sa_4	WIK	-
WIK_ZIRC_1	WIK	-
WIK_ZIRC_2	WIK	-
WIK_ZIRC_3	WIK	-
WIK_ZIRC_4	WIK	-
